Workbook

Sheet pokemon
A1: pokedex_number | B1: pokedex_name | C1: type_1 | D1: type_2 | E1: hp | F1: atk | G1: def | H1: sp_atk | I1: sp_def | J1: spd | K1: classification | L1: biome | M1: climate | N1: _initiative | O1: _health | P1: i_mod | Q1: h_mod | R1: initiative | S1: health | T1: total | U1: move_1 | V1: move_2 | W1: move_3 | X1: move_4 | Y1: evolve_into | Z1: evolve_cost | AA1: internal_name | AB1: description | AC1: move_name | AD1: move_type | AE1: move_attack_strength | AF1: move_effect | AG1: is_starter | AH1: is_legendary | AI1: encounter_tier | AJ1: trainer | AK1: number_in_deck | AL1: uncapturable | AM1: state
A2: 387 | B2: Turtwig | C2: grass | E2: 55 | F2: 68 | G2: 64 | H2: 45 | I2: 55 | J2: 31 | K2: Tiny Leaf Pokémon | L2: Forest | M2: Temperate | N2: =(0.4*J2 + 0.5*MAX(F2,H2) + 0.1*MIN(F2,H2)) / 10 -> 5.09 | O2: =(0.4*E2 + 0.3*G2 + 0.3*I2) / 10 -> 5.77 | P2: -1 | Q2: 0 | R2: =ROUND(N2,0)+P2 -> 4 | S2: =ROUND(O2,0)+Q2 -> 6 | T2: =SUM(ROUND(R2,0),ROUND(S2,0)) -> 10 | U2: =C2 -> grass | V2: ground | W2: dark | X2: normal | Y2: =B3 -> Grotle | Z2: =IF(ISBLANK(Y2), "", ROUND(( (T3-6)*(T3-7) - (T2-6)*(T2-7) )/15, 0) + 1) -> 4 | AA2: =B2 -> Turtwig | AC2: Razor Leaf | AD2: =VLOOKUP(AC2,moves!A:B,2,FALSE) -> grass | AE2: =VLOOKUP(AC2,moves!A:D,4,FALSE) -> 3 | AF2: =VLOOKUP(AC2,moves!A:F,5,FALSE) -> 0 | AG2: 1 | AH2: 0 | AI2: {=_xlfn.IFS(AG2=1, "starter", AH2=1, "legendary",T2< 13, "weak",T2< 17, "moderate", TRUE, "strong")} -> starter | AK2: 1 | AL2: 0 | AM2: 0
A3: 388 | B3: Grotle | C3: grass | E3: 75 | F3: 89 | G3: 85 | H3: 55 | I3: 65 | J3: 36 | K3: Grove Pokémon | L3: Forest | M3: Temperate | N3: =(0.4*J3 + 0.5*MAX(F3,H3) + 0.1*MIN(F3,H3)) / 10 -> 6.44 | O3: =(0.4*E3 + 0.3*G3 + 0.3*I3) / 10 -> 7.5 | P3: 0 | Q3: 0 | R3: =ROUND(N3,0)+P3 -> 6 | S3: =ROUND(O3,0)+Q3 -> 8 | T3: =SUM(ROUND(R3,0),ROUND(S3,0)) -> 14 | U3: =C3 -> grass | V3: ground | W3: dark | X3: normal | Y3: =B4 -> Torterra | Z3: =IF(ISBLANK(Y3), "", ROUND(( (T4-6)*(T4-7) - (T3-6)*(T3-7) )/15, 0) + 1) -> 6 | AA3: =B3 -> Grotle | AC3: Bite | AD3: =VLOOKUP(AC3,moves!A:B,2,FALSE) -> dark | AE3: =VLOOKUP(AC3,moves!A:D,4,FALSE) -> 3 | AF3: =VLOOKUP(AC3,moves!A:F,5,FALSE) -> 0 | AG3: 0 | AH3: 0 | AI3: {=_xlfn.IFS(AG3=1, "starter", AH3=1, "legendary",T3< 13, "weak",T3< 17, "moderate", TRUE, "strong")} -> moderate | AK3: 2 | AL3: 0 | AM3: 0
A4: 389 | B4: Torterra | C4: grass | D4: ground | E4: 95 | F4: 109 | G4: 105 | H4: 75 | I4: 85 | J4: 56 | K4: Continent Pokémon | L4: Forest | M4: Temperate | N4: =(0.4*J4 + 0.5*MAX(F4,H4) + 0.1*MIN(F4,H4)) / 10 -> 8.44 | O4: =(0.4*E4 + 0.3*G4 + 0.3*I4) / 10 -> 9.5 | P4: 0 | Q4: 0 | R4: =ROUND(N4,0)+P4 -> 8 | S4: =ROUND(O4,0)+Q4 -> 10 | T4: =SUM(ROUND(R4,0),ROUND(S4,0)) -> 18 | U4: =C4 -> grass | V4: =IF(D4 = 0, "", D4) -> ground | W4: dark | X4: normal | Z4: =IF(ISBLANK(Y4), "", ROUND(( (T6-6)*(T6-7) - (T4-6)*(T4-7) )/15, 0) + 1) | AA4: =B4 -> Torterra | AC4: Headlong Rush | AD4: =VLOOKUP(AC4,moves!A:B,2,FALSE) -> ground | AE4: =VLOOKUP(AC4,moves!A:D,4,FALSE) -> 5 | AF4: =VLOOKUP(AC4,moves!A:F,5,FALSE) -> 0 | AG4: 0 | AH4: 0 | AI4: {=_xlfn.IFS(AG4=1, "starter", AH4=1, "legendary",T4< 13, "weak",T4< 17, "moderate", TRUE, "strong")} -> strong | AK4: 3 | AL4: 0 | AM4: 1
A5: 389-n | B5: Torterra | C5: grass | D5: ground | E5: 95 | F5: 109 | G5: 105 | H5: 75 | I5: 85 | J5: 56 | K5: Continent Pokémon | M5: Noble | N5: =(0.4*J5 + 0.5*MAX(F5,H5) + 0.1*MIN(F5,H5)) / 10 -> 8.44 | O5: =(0.4*E5 + 0.3*G5 + 0.3*I5) / 10 -> 9.5 | P5: 2 | Q5: 2 | R5: =ROUND(N5,0)+P5 -> 10 | S5: =ROUND(O5,0)+Q5 -> 12 | T5: =SUM(ROUND(R5,0),ROUND(S5,0)) -> 22 | U5: =C5 -> grass | V5: =IF(D5 = 0, "", D5) -> ground | W5: dark | X5: normal | AA5: =B5 -> Torterra | AB5: Noble Form | AC5: Headlong Rush | AD5: =VLOOKUP(AC5,moves!A:B,2,FALSE) -> ground | AE5: =VLOOKUP(AC5,moves!A:D,4,FALSE) -> 5 | AF5: =VLOOKUP(AC5,moves!A:F,5,FALSE) -> 0 | AG5: 0 | AH5: 1 | AI5: {=_xlfn.IFS(AG5=1, "starter", AH5=1, "legendary",T5< 13, "weak",T5< 17, "moderate", TRUE, "strong")} -> legendary | AK5: 3 | AL5: 0 | AM5: 2
A6: 390 | B6: Chimchar | C6: fire | E6: 44 | F6: 58 | G6: 44 | H6: 58 | I6: 44 | J6: 61 | K6: Chimp Pokémon | L6: Forest | M6: Warm | N6: =(0.4*J6 + 0.5*MAX(F6,H6) + 0.1*MIN(F6,H6)) / 10 -> 5.92 | O6: =(0.4*E6 + 0.3*G6 + 0.3*I6) / 10 -> 4.4 | P6: 0 | Q6: 0 | R6: =ROUND(N6,0)+P6 -> 6 | S6: =ROUND(O6,0)+Q6 -> 4 | T6: =SUM(ROUND(R6,0),ROUND(S6,0)) -> 10 | U6: =C6 -> fire | V6: fighting | W6: rock | X6: flying | Y6: =B7 -> Monferno | Z6: =IF(ISBLANK(Y6), "", ROUND(( (T7-6)*(T7-7) - (T6-6)*(T6-7) )/15, 0) + 1) -> 4 | AA6: =B6 -> Chimchar | AC6: Ember | AD6: =VLOOKUP(AC6,moves!A:B,2,FALSE) -> fire | AE6: =VLOOKUP(AC6,moves!A:D,4,FALSE) -> 2 | AF6: =VLOOKUP(AC6,moves!A:F,5,FALSE) -> 0 | AG6: 1 | AH6: 0 | AI6: {=_xlfn.IFS(AG6=1, "starter", AH6=1, "legendary",T6< 13, "weak",T6< 17, "moderate", TRUE, "strong")} -> starter | AK6: 1 | AL6: 0 | AM6: 0
A7: 391 | B7: Monferno | C7: fire | D7: fighting | E7: 64 | F7: 78 | G7: 52 | H7: 78 | I7: 52 | J7: 81 | K7: Playful Pokémon | L7: Forest | M7: Warm | N7: =(0.4*J7 + 0.5*MAX(F7,H7) + 0.1*MIN(F7,H7)) / 10 -> 7.92 | O7: =(0.4*E7 + 0.3*G7 + 0.3*I7) / 10 -> 5.68 | P7: 0 | Q7: 0 | R7: =ROUND(N7,0)+P7 -> 8 | S7: =ROUND(O7,0)+Q7 -> 6 | T7: =SUM(ROUND(R7,0),ROUND(S7,0)) -> 14 | U7: =C7 -> fire | V7: =IF(D7 = 0, "", D7) -> fighting | W7: rock | X7: flying | Y7: =B8 -> Infernape | Z7: =IF(ISBLANK(Y7), "", ROUND(( (T8-6)*(T8-7) - (T7-6)*(T7-7) )/15, 0) + 1) -> 6 | AA7: =B7 -> Monferno | AC7: Mach Punch | AD7: =VLOOKUP(AC7,moves!A:B,2,FALSE) -> fighting | AE7: =VLOOKUP(AC7,moves!A:D,4,FALSE) -> 2 | AF7: =VLOOKUP(AC7,moves!A:F,5,FALSE) -> agile | AG7: 0 | AH7: 0 | AI7: {=_xlfn.IFS(AG7=1, "starter", AH7=1, "legendary",T7< 13, "weak",T7< 17, "moderate", TRUE, "strong")} -> moderate | AK7: 2 | AL7: 0 | AM7: 0
A8: 392 | B8: Infernape | C8: fire | D8: fighting | E8: 76 | F8: 104 | G8: 71 | H8: 104 | I8: 71 | J8: 108 | K8: Flame Pokémon | L8: Forest | M8: Warm | N8: =(0.4*J8 + 0.5*MAX(F8,H8) + 0.1*MIN(F8,H8)) / 10 -> 10.56 | O8: =(0.4*E8 + 0.3*G8 + 0.3*I8) / 10 -> 7.3 | P8: 0 | Q8: 0 | R8: =ROUND(N8,0)+P8 -> 11 | S8: =ROUND(O8,0)+Q8 -> 7 | T8: =SUM(ROUND(R8,0),ROUND(S8,0)) -> 18 | U8: =C8 -> fire | V8: =IF(D8 = 0, "", D8) -> fighting | W8: rock | X8: flying | Z8: =IF(ISBLANK(Y8), "", ROUND(( (T10-6)*(T10-7) - (T8-6)*(T8-7) )/15, 0) + 1) | AA8: =B8 -> Infernape | AC8: Raging Fury | AD8: =VLOOKUP(AC8,moves!A:B,2,FALSE) -> fire | AE8: =VLOOKUP(AC8,moves!A:D,4,FALSE) -> 5 | AF8: =VLOOKUP(AC8,moves!A:F,5,FALSE) -> 0 | AG8: 0 | AH8: 0 | AI8: {=_xlfn.IFS(AG8=1, "starter", AH8=1, "legendary",T8< 13, "weak",T8< 17, "moderate", TRUE, "strong")} -> strong | AK8: 3 | AL8: 0 | AM8: 1
A9: 392-n | B9: Infernape | C9: fire | D9: fighting | E9: 76 | F9: 104 | G9: 71 | H9: 104 | I9: 71 | J9: 108 | K9: Flame Pokémon | M9: Noble | N9: =(0.4*J9 + 0.5*MAX(F9,H9) + 0.1*MIN(F9,H9)) / 10 -> 10.56 | O9: =(0.4*E9 + 0.3*G9 + 0.3*I9) / 10 -> 7.3 | P9: 2 | Q9: 2 | R9: =ROUND(N9,0)+P9 -> 13 | S9: =ROUND(O9,0)+Q9 -> 9 | T9: =SUM(ROUND(R9,0),ROUND(S9,0)) -> 22 | U9: =C9 -> fire | V9: =IF(D9 = 0, "", D9) -> fighting | W9: rock | X9: flying | Z9: =IF(ISBLANK(Y9), "", ROUND(( (T11-6)*(T11-7) - (T9-6)*(T9-7) )/15, 0) + 1) | AA9: =B9 -> Infernape | AB9: Noble Form | AC9: Raging Fury | AD9: =VLOOKUP(AC9,moves!A:B,2,FALSE) -> fire | AE9: =VLOOKUP(AC9,moves!A:D,4,FALSE) -> 5 | AF9: =VLOOKUP(AC9,moves!A:F,5,FALSE) -> 0 | AG9: 0 | AH9: 1 | AI9: {=_xlfn.IFS(AG9=1, "starter", AH9=1, "legendary",T9< 13, "weak",T9< 17, "moderate", TRUE, "strong")} -> legendary | AK9: 3 | AL9: 0 | AM9: 2
A10: 393 | B10: Piplup | C10: water | E10: 53 | F10: 51 | G10: 53 | H10: 61 | I10: 56 | J10: 40 | K10: Penguin Pokémon | L10: Ocean | M10: Cold | N10: =(0.4*J10 + 0.5*MAX(F10,H10) + 0.1*MIN(F10,H10)) / 10 -> 5.16 | O10: =(0.4*E10 + 0.3*G10 + 0.3*I10) / 10 -> 5.39 | P10: 0 | Q10: 0 | R10: =ROUND(N10,0)+P10 -> 5 | S10: =ROUND(O10,0)+Q10 -> 5 | T10: =SUM(ROUND(R10,0),ROUND(S10,0)) -> 10 | U10: =C10 -> water | V10: steel | W10: flying | X10: ice | Y10: =B11 -> Prinplup | Z10: =IF(ISBLANK(Y10), "", ROUND(( (T11-6)*(T11-7) - (T10-6)*(T10-7) )/15, 0) + 1) -> 4 | AA10: =B10 -> Piplup | AC10: Bubble Beam | AD10: =VLOOKUP(AC10,moves!A:B,2,FALSE) -> water | AE10: =VLOOKUP(AC10,moves!A:D,4,FALSE) -> 3 | AF10: =VLOOKUP(AC10,moves!A:F,5,FALSE) -> 0 | AG10: 1 | AH10: 0 | AI10: {=_xlfn.IFS(AG10=1, "starter", AH10=1, "legendary",T10< 13, "weak",T10< 17, "moderate", TRUE, "strong")} -> starter | AK10: 1 | AL10: 0 | AM10: 0
A11: 394 | B11: Prinplup | C11: water | E11: 64 | F11: 66 | G11: 68 | H11: 81 | I11: 76 | J11: 50 | K11: Penguin Pokémon | L11: Ocean | M11: Cold | N11: =(0.4*J11 + 0.5*MAX(F11,H11) + 0.1*MIN(F11,H11)) / 10 -> 6.71 | O11: =(0.4*E11 + 0.3*G11 + 0.3*I11) / 10 -> 6.88 | P11: 0 | Q11: 0 | R11: =ROUND(N11,0)+P11 -> 7 | S11: =ROUND(O11,0)+Q11 -> 7 | T11: =SUM(ROUND(R11,0),ROUND(S11,0)) -> 14 | U11: =C11 -> water | V11: steel | W11: flying | X11: ice | Y11: =B12 -> Empoleon | Z11: =IF(ISBLANK(Y11), "", ROUND(( (T12-6)*(T12-7) - (T11-6)*(T11-7) )/15, 0) + 1) -> 6 | AA11: =B11 -> Prinplup | AC11: Metal Claw | AD11: =VLOOKUP(AC11,moves!A:B,2,FALSE) -> steel | AE11: =VLOOKUP(AC11,moves!A:D,4,FALSE) -> 3 | AF11: =VLOOKUP(AC11,moves!A:F,5,FALSE) -> 0 | AG11: 0 | AH11: 0 | AI11: {=_xlfn.IFS(AG11=1, "starter", AH11=1, "legendary",T11< 13, "weak",T11< 17, "moderate", TRUE, "strong")} -> moderate | AK11: 2 | AL11: 0 | AM11: 0
A12: 395 | B12: Empoleon | C12: water | D12: steel | E12: 84 | F12: 86 | G12: 88 | H12: 111 | I12: 101 | J12: 60 | K12: Emperor Pokémon | L12: Ocean | M12: Cold | N12: =(0.4*J12 + 0.5*MAX(F12,H12) + 0.1*MIN(F12,H12)) / 10 -> 8.81 | O12: =(0.4*E12 + 0.3*G12 + 0.3*I12) / 10 -> 9.03 | P12: 0 | Q12: 0 | R12: =ROUND(N12,0)+P12 -> 9 | S12: =ROUND(O12,0)+Q12 -> 9 | T12: =SUM(ROUND(R12,0),ROUND(S12,0)) -> 18 | U12: =C12 -> water | V12: steel | W12: flying | X12: ice | Z12: =IF(ISBLANK(Y12), "", ROUND(( (T14-6)*(T14-7) - (T12-6)*(T12-7) )/15, 0) + 1) | AA12: =B12 -> Empoleon | AC12: Wave Crash | AD12: =VLOOKUP(AC12,moves!A:B,2,FALSE) -> water | AE12: =VLOOKUP(AC12,moves!A:D,4,FALSE) -> 5 | AF12: =VLOOKUP(AC12,moves!A:F,5,FALSE) -> 0 | AG12: 0 | AH12: 0 | AI12: {=_xlfn.IFS(AG12=1, "starter", AH12=1, "legendary",T12< 13, "weak",T12< 17, "moderate", TRUE, "strong")} -> strong | AK12: 3 | AL12: 0 | AM12: 1
A13: 395-n | B13: Empoleon | C13: water | D13: steel | E13: 84 | F13: 86 | G13: 88 | H13: 111 | I13: 101 | J13: 60 | K13: Emperor Pokémon | M13: Noble | N13: =(0.4*J13 + 0.5*MAX(F13,H13) + 0.1*MIN(F13,H13)) / 10 -> 8.81 | O13: =(0.4*E13 + 0.3*G13 + 0.3*I13) / 10 -> 9.03 | P13: 2 | Q13: 2 | R13: =ROUND(N13,0)+P13 -> 11 | S13: =ROUND(O13,0)+Q13 -> 11 | T13: =SUM(ROUND(R13,0),ROUND(S13,0)) -> 22 | U13: =C13 -> water | V13: steel | W13: flying | X13: ice | Z13: =IF(ISBLANK(Y13), "", ROUND(( (T15-6)*(T15-7) - (T13-6)*(T13-7) )/15, 0) + 1) | AA13: =B13 -> Empoleon | AB13: Noble Form | AC13: Wave Crash | AD13: =VLOOKUP(AC13,moves!A:B,2,FALSE) -> water | AE13: =VLOOKUP(AC13,moves!A:D,4,FALSE) -> 5 | AF13: =VLOOKUP(AC13,moves!A:F,5,FALSE) -> 0 | AG13: 0 | AH13: 1 | AI13: {=_xlfn.IFS(AG13=1, "starter", AH13=1, "legendary",T13< 13, "weak",T13< 17, "moderate", TRUE, "strong")} -> legendary | AK13: 3 | AL13: 0 | AM13: 2
A14: 396 | B14: Starly | C14: normal | D14: flying | E14: 40 | F14: 55 | G14: 30 | H14: 30 | I14: 30 | J14: 60 | K14: Starling Pokémon | L14: Mountain | M14: Temperate | N14: =(0.4*J14 + 0.5*MAX(F14,H14) + 0.1*MIN(F14,H14)) / 10 -> 5.45 | O14: =(0.4*E14 + 0.3*G14 + 0.3*I14) / 10 -> 3.4 | P14: 1 | Q14: 1 | R14: =ROUND(N14,0)+P14 -> 6 | S14: =ROUND(O14,0)+Q14 -> 4 | T14: =SUM(ROUND(R14,0),ROUND(S14,0)) -> 10 | U14: =C14 -> normal | V14: =IF(D14 = 0, "", D14) -> flying | W14: fighting | X14: steel | Y14: =B15 -> Staravia | Z14: =IF(ISBLANK(Y14), "", ROUND(( (T15-6)*(T15-7) - (T14-6)*(T14-7) )/15, 0) + 1) -> 3 | AA14: =B14 -> Starly | AC14: Wing Attack | AD14: =VLOOKUP(AC14,moves!A:B,2,FALSE) -> flying | AE14: =VLOOKUP(AC14,moves!A:D,4,FALSE) -> 3 | AF14: =VLOOKUP(AC14,moves!A:F,5,FALSE) -> 0 | AG14: 1 | AH14: 0 | AI14: {=_xlfn.IFS(AG14=1, "starter", AH14=1, "legendary",T14< 13, "weak",T14< 17, "moderate", TRUE, "strong")} -> starter | AK14: 1 | AL14: 0 | AM14: 0
A15: 397 | B15: Staravia | C15: normal | D15: flying | E15: 55 | F15: 75 | G15: 50 | H15: 40 | I15: 40 | J15: 80 | K15: Starling Pokémon | L15: Mountain | M15: Temperate | N15: =(0.4*J15 + 0.5*MAX(F15,H15) + 0.1*MIN(F15,H15)) / 10 -> 7.35 | O15: =(0.4*E15 + 0.3*G15 + 0.3*I15) / 10 -> 4.9 | P15: 0 | Q15: 1 | R15: =ROUND(N15,0)+P15 -> 7 | S15: =ROUND(O15,0)+Q15 -> 6 | T15: =SUM(ROUND(R15,0),ROUND(S15,0)) -> 13 | U15: =C15 -> normal | V15: =IF(D15 = 0, "", D15) -> flying | W15: fighting | X15: steel | Y15: =B16 -> Staraptor | Z15: =IF(ISBLANK(Y15), "", ROUND(( (T16-6)*(T16-7) - (T15-6)*(T15-7) )/15, 0) + 1) -> 7 | AA15: =B15 -> Staravia | AC15: Steel Wing | AD15: =VLOOKUP(AC15,moves!A:B,2,FALSE) -> steel | AE15: =VLOOKUP(AC15,moves!A:D,4,FALSE) -> 3 | AF15: =VLOOKUP(AC15,moves!A:F,5,FALSE) -> 0 | AG15: 0 | AH15: 0 | AI15: {=_xlfn.IFS(AG15=1, "starter", AH15=1, "legendary",T15< 13, "weak",T15< 17, "moderate", TRUE, "strong")} -> moderate | AK15: 2 | AL15: 0 | AM15: 0
A16: 398 | B16: Staraptor | C16: normal | D16: flying | E16: 85 | F16: 120 | G16: 70 | H16: 50 | I16: 60 | J16: 100 | K16: Predator Pokémon | L16: Mountain | M16: Temperate | N16: =(0.4*J16 + 0.5*MAX(F16,H16) + 0.1*MIN(F16,H16)) / 10 -> 10.5 | O16: =(0.4*E16 + 0.3*G16 + 0.3*I16) / 10 -> 7.3 | P16: 0 | Q16: 0 | R16: =ROUND(N16,0)+P16 -> 11 | S16: =ROUND(O16,0)+Q16 -> 7 | T16: =SUM(ROUND(R16,0),ROUND(S16,0)) -> 18 | U16: =C16 -> normal | V16: =IF(D16 = 0, "", D16) -> flying | W16: fighting | X16: steel | Z16: =IF(ISBLANK(Y16), "", ROUND(( (T18-6)*(T18-7) - (T16-6)*(T16-7) )/15, 0) + 1) | AA16: =B16 -> Staraptor | AC16: Close Combat | AD16: =VLOOKUP(AC16,moves!A:B,2,FALSE) -> fighting | AE16: =VLOOKUP(AC16,moves!A:D,4,FALSE) -> 5 | AF16: =VLOOKUP(AC16,moves!A:F,5,FALSE) -> 0 | AG16: 0 | AH16: 0 | AI16: {=_xlfn.IFS(AG16=1, "starter", AH16=1, "legendary",T16< 13, "weak",T16< 17, "moderate", TRUE, "strong")} -> strong | AK16: 3 | AL16: 0 | AM16: 1
A17: 398-n | B17: Staraptor | C17: normal | D17: flying | E17: 85 | F17: 120 | G17: 70 | H17: 50 | I17: 60 | J17: 100 | K17: Predator Pokémon | M17: Noble | N17: =(0.4*J17 + 0.5*MAX(F17,H17) + 0.1*MIN(F17,H17)) / 10 -> 10.5 | O17: =(0.4*E17 + 0.3*G17 + 0.3*I17) / 10 -> 7.3 | P17: 2 | Q17: 2 | R17: =ROUND(N17,0)+P17 -> 13 | S17: =ROUND(O17,0)+Q17 -> 9 | T17: =SUM(ROUND(R17,0),ROUND(S17,0)) -> 22 | U17: =C17 -> normal | V17: =IF(D17 = 0, "", D17) -> flying | W17: fighting | X17: steel | Z17: =IF(ISBLANK(Y17), "", ROUND(( (T19-6)*(T19-7) - (T17-6)*(T17-7) )/15, 0) + 1) | AA17: =B17 -> Staraptor | AB17: Noble Form | AC17: Close Combat | AD17: =VLOOKUP(AC17,moves!A:B,2,FALSE) -> fighting | AE17: =VLOOKUP(AC17,moves!A:D,4,FALSE) -> 5 | AF17: =VLOOKUP(AC17,moves!A:F,5,FALSE) -> 0 | AG17: 0 | AH17: 1 | AI17: {=_xlfn.IFS(AG17=1, "starter", AH17=1, "legendary",T17< 13, "weak",T17< 17, "moderate", TRUE, "strong")} -> legendary | AK17: 3 | AL17: 0 | AM17: 2
A18: 399 | B18: Bidoof | C18: normal | E18: 59 | F18: 45 | G18: 40 | H18: 35 | I18: 40 | J18: 31 | K18: Plump Mouse Pokémon | L18: Plains | M18: Temperate | N18: =(0.4*J18 + 0.5*MAX(F18,H18) + 0.1*MIN(F18,H18)) / 10 -> 3.84 | O18: =(0.4*E18 + 0.3*G18 + 0.3*I18) / 10 -> 4.76 | P18: 0 | Q18: 0 | R18: =ROUND(N18,0)+P18 -> 4 | S18: =ROUND(O18,0)+Q18 -> 5 | T18: =SUM(ROUND(R18,0),ROUND(S18,0)) -> 9 | U18: =C18 -> normal | V18: water | W18: fighting | X18: electric | Y18: =B19 -> Bibarel | Z18: =IF(ISBLANK(Y18), "", ROUND(( (T19-6)*(T19-7) - (T18-6)*(T18-7) )/15, 0) + 1) -> 5 | AA18: =B18 -> Bidoof | AC18: Tackle | AD18: =VLOOKUP(AC18,moves!A:B,2,FALSE) -> normal | AE18: =VLOOKUP(AC18,moves!A:D,4,FALSE) -> 2 | AF18: =VLOOKUP(AC18,moves!A:F,5,FALSE) -> 0 | AG18: 0 | AH18: 0 | AI18: {=_xlfn.IFS(AG18=1, "starter", AH18=1, "legendary",T18< 13, "weak",T18< 17, "moderate", TRUE, "strong")} -> weak | AK18: 1 | AL18: 0 | AM18: 0
A19: 400 | B19: Bibarel | C19: normal | D19: water | E19: 79 | F19: 85 | G19: 60 | H19: 55 | I19: 60 | J19: 71 | K19: Beaver Pokémon | L19: Plains | M19: Temperate | N19: =(0.4*J19 + 0.5*MAX(F19,H19) + 0.1*MIN(F19,H19)) / 10 -> 7.64 | O19: =(0.4*E19 + 0.3*G19 + 0.3*I19) / 10 -> 6.76 | P19: 0 | Q19: 0 | R19: =ROUND(N19,0)+P19 -> 8 | S19: =ROUND(O19,0)+Q19 -> 7 | T19: =SUM(ROUND(R19,0),ROUND(S19,0)) -> 15 | U19: =C19 -> normal | V19: =IF(D19 = 0, "", D19) -> water | W19: fighting | X19: electric | Z19: =IF(ISBLANK(Y19), "", ROUND(( (T20-6)*(T20-7) - (T19-6)*(T19-7) )/15, 0) + 1) | AA19: =B19 -> Bibarel | AC19: Surf | AD19: =VLOOKUP(AC19,moves!A:B,2,FALSE) -> water | AE19: =VLOOKUP(AC19,moves!A:D,4,FALSE) -> 4 | AF19: =VLOOKUP(AC19,moves!A:F,5,FALSE) -> 0 | AG19: 0 | AH19: 0 | AI19: {=_xlfn.IFS(AG19=1, "starter", AH19=1, "legendary",T19< 13, "weak",T19< 17, "moderate", TRUE, "strong")} -> moderate | AK19: 2 | AL19: 0 | AM19: 0
A20: 401 | B20: Kricketot | C20: bug | E20: 37 | F20: 25 | G20: 41 | H20: 25 | I20: 41 | J20: 25 | K20: Cricket Pokémon | L20: Plains | M20: Warm | N20: =(0.4*J20 + 0.5*MAX(F20,H20) + 0.1*MIN(F20,H20)) / 10 -> 2.5 | O20: =(0.4*E20 + 0.3*G20 + 0.3*I20) / 10 -> 3.94 | P20: 0 | Q20: 0 | R20: =ROUND(N20,0)+P20 -> 3 | S20: =ROUND(O20,0)+Q20 -> 4 | T20: =SUM(ROUND(R20,0),ROUND(S20,0)) -> 7 | U20: =C20 -> bug | V20: normal | W20: dark | X20: grass | Y20: =B21 -> Kricketune | Z20: =IF(ISBLANK(Y20), "", ROUND(( (T21-6)*(T21-7) - (T20-6)*(T20-7) )/15, 0) + 1) -> 4 | AA20: =B20 -> Kricketot | AC20: Struggle Bug | AD20: =VLOOKUP(AC20,moves!A:B,2,FALSE) -> bug | AE20: =VLOOKUP(AC20,moves!A:D,4,FALSE) -> 2 | AF20: =VLOOKUP(AC20,moves!A:F,5,FALSE) -> 0 | AG20: 0 | AH20: 0 | AI20: {=_xlfn.IFS(AG20=1, "starter", AH20=1, "legendary",T20< 13, "weak",T20< 17, "moderate", TRUE, "strong")} -> weak | AK20: 1 | AL20: 0 | AM20: 0
A21: 402 | B21: Kricketune | C21: bug | E21: 77 | F21: 85 | G21: 51 | H21: 55 | I21: 51 | J21: 65 | K21: Cricket Pokémon | L21: Plains | M21: Warm | N21: =(0.4*J21 + 0.5*MAX(F21,H21) + 0.1*MIN(F21,H21)) / 10 -> 7.4 | O21: =(0.4*E21 + 0.3*G21 + 0.3*I21) / 10 -> 6.14 | P21: 0 | Q21: 0 | R21: =ROUND(N21,0)+P21 -> 7 | S21: =ROUND(O21,0)+Q21 -> 6 | T21: =SUM(ROUND(R21,0),ROUND(S21,0)) -> 13 | U21: =C21 -> bug | V21: normal | W21: dark | X21: grass | Z21: =IF(ISBLANK(Y21), "", ROUND(( (T22-6)*(T22-7) - (T21-6)*(T21-7) )/15, 0) + 1) | AA21: =B21 -> Kricketune | AC21: Perish Song | AD21: =VLOOKUP(AC21,moves!A:B,2,FALSE) -> normal | AE21: =VLOOKUP(AC21,moves!A:D,4,FALSE) -> 1 | AF21: =VLOOKUP(AC21,moves!A:F,5,FALSE) -> 0 | AG21: 0 | AH21: 0 | AI21: {=_xlfn.IFS(AG21=1, "starter", AH21=1, "legendary",T21< 13, "weak",T21< 17, "moderate", TRUE, "strong")} -> moderate | AK21: 2 | AL21: 0 | AM21: 0
A22: 403 | B22: Shinx | C22: electric | E22: 45 | F22: 65 | G22: 34 | H22: 40 | I22: 34 | J22: 45 | K22: Flash Pokémon | L22: Plains | M22: Warm | N22: =(0.4*J22 + 0.5*MAX(F22,H22) + 0.1*MIN(F22,H22)) / 10 -> 5.45 | O22: =(0.4*E22 + 0.3*G22 + 0.3*I22) / 10 -> 3.84 | P22: 1 | Q22: 0 | R22: =ROUND(N22,0)+P22 -> 6 | S22: =ROUND(O22,0)+Q22 -> 4 | T22: =SUM(ROUND(R22,0),ROUND(S22,0)) -> 10 | U22: =C22 -> electric | V22: dark | W22: normal | X22: fighting | Y22: =B23 -> Luxio | Z22: =IF(ISBLANK(Y22), "", ROUND(( (T23-6)*(T23-7) - (T22-6)*(T22-7) )/15, 0) + 1) -> 3 | AA22: =B22 -> Shinx | AC22: Volt Switch | AD22: =VLOOKUP(AC22,moves!A:B,2,FALSE) -> electric | AE22: =VLOOKUP(AC22,moves!A:D,4,FALSE) -> 3 | AF22: =VLOOKUP(AC22,moves!A:F,5,FALSE) -> switch | AG22: 1 | AH22: 0 | AI22: {=_xlfn.IFS(AG22=1, "starter", AH22=1, "legendary",T22< 13, "weak",T22< 17, "moderate", TRUE, "strong")} -> starter | AK22: 1 | AL22: 0 | AM22: 0
A23: 404 | B23: Luxio | C23: electric | E23: 60 | F23: 85 | G23: 49 | H23: 60 | I23: 49 | J23: 60 | K23: Spark Pokémon | L23: Plains | M23: Warm | N23: =(0.4*J23 + 0.5*MAX(F23,H23) + 0.1*MIN(F23,H23)) / 10 -> 7.25 | O23: =(0.4*E23 + 0.3*G23 + 0.3*I23) / 10 -> 5.34 | P23: 0 | Q23: 1 | R23: =ROUND(N23,0)+P23 -> 7 | S23: =ROUND(O23,0)+Q23 -> 6 | T23: =SUM(ROUND(R23,0),ROUND(S23,0)) -> 13 | U23: =C23 -> electric | V23: dark | W23: normal | X23: fighting | Y23: =B24 -> Luxray | Z23: =IF(ISBLANK(Y23), "", ROUND(( (T24-6)*(T24-7) - (T23-6)*(T23-7) )/15, 0) + 1) -> 7 | AA23: =B23 -> Luxio | AC23: Bite | AD23: =VLOOKUP(AC23,moves!A:B,2,FALSE) -> dark | AE23: =VLOOKUP(AC23,moves!A:D,4,FALSE) -> 3 | AF23: =VLOOKUP(AC23,moves!A:F,5,FALSE) -> 0 | AG23: 0 | AH23: 0 | AI23: {=_xlfn.IFS(AG23=1, "starter", AH23=1, "legendary",T23< 13, "weak",T23< 17, "moderate", TRUE, "strong")} -> moderate | AK23: 2 | AL23: 0 | AM23: 0
A24: 405 | B24: Luxray | C24: electric | E24: 80 | F24: 120 | G24: 79 | H24: 95 | I24: 79 | J24: 70 | K24: Gleam Eyes Pokémon | L24: Plains | M24: Warm | N24: =(0.4*J24 + 0.5*MAX(F24,H24) + 0.1*MIN(F24,H24)) / 10 -> 9.75 | O24: =(0.4*E24 + 0.3*G24 + 0.3*I24) / 10 -> 7.94 | P24: 0 | Q24: 0 | R24: =ROUND(N24,0)+P24 -> 10 | S24: =ROUND(O24,0)+Q24 -> 8 | T24: =SUM(ROUND(R24,0),ROUND(S24,0)) -> 18 | U24: =C24 -> electric | V24: dark | W24: normal | X24: fighting | Z24: =IF(ISBLANK(Y24), "", ROUND(( (T26-6)*(T26-7) - (T24-6)*(T24-7) )/15, 0) + 1) | AA24: =B24 -> Luxray | AC24: Wild Charge | AD24: =VLOOKUP(AC24,moves!A:B,2,FALSE) -> electric | AE24: =VLOOKUP(AC24,moves!A:D,4,FALSE) -> 4 | AF24: =VLOOKUP(AC24,moves!A:F,5,FALSE) -> 0 | AG24: 0 | AH24: 0 | AI24: {=_xlfn.IFS(AG24=1, "starter", AH24=1, "legendary",T24< 13, "weak",T24< 17, "moderate", TRUE, "strong")} -> strong | AK24: 3 | AL24: 0 | AM24: 1
A25: 405-n | B25: Luxray | C25: electric | E25: 80 | F25: 120 | G25: 79 | H25: 95 | I25: 79 | J25: 70 | K25: Gleam Eyes Pokémon | M25: Noble | N25: =(0.4*J25 + 0.5*MAX(F25,H25) + 0.1*MIN(F25,H25)) / 10 -> 9.75 | O25: =(0.4*E25 + 0.3*G25 + 0.3*I25) / 10 -> 7.94 | P25: 2 | Q25: 2 | R25: =ROUND(N25,0)+P25 -> 12 | S25: =ROUND(O25,0)+Q25 -> 10 | T25: =SUM(ROUND(R25,0),ROUND(S25,0)) -> 22 | U25: =C25 -> electric | V25: dark | W25: normal | X25: fighting | Z25: =IF(ISBLANK(Y25), "", ROUND(( (T27-6)*(T27-7) - (T25-6)*(T25-7) )/15, 0) + 1) | AA25: =B25 -> Luxray | AB25: Noble Form | AC25: Wild Charge | AD25: =VLOOKUP(AC25,moves!A:B,2,FALSE) -> electric | AE25: =VLOOKUP(AC25,moves!A:D,4,FALSE) -> 4 | AF25: =VLOOKUP(AC25,moves!A:F,5,FALSE) -> 0 | AG25: 0 | AH25: 1 | AI25: {=_xlfn.IFS(AG25=1, "starter", AH25=1, "legendary",T25< 13, "weak",T25< 17, "moderate", TRUE, "strong")} -> legendary | AK25: 3 | AL25: 0 | AM25: 2
A26: 406 | B26: Budew | C26: grass | D26: poison | E26: 40 | F26: 30 | G26: 35 | H26: 50 | I26: 70 | J26: 55 | K26: Bud Pokémon | L26: Plains | M26: Warm | N26: =(0.4*J26 + 0.5*MAX(F26,H26) + 0.1*MIN(F26,H26)) / 10 -> 5 | O26: =(0.4*E26 + 0.3*G26 + 0.3*I26) / 10 -> 4.75 | P26: 0 | Q26: 0 | R26: =ROUND(N26,0)+P26 -> 5 | S26: =ROUND(O26,0)+Q26 -> 5 | T26: =SUM(ROUND(R26,0),ROUND(S26,0)) -> 10 | U26: =C26 -> grass | V26: =IF(D26 = 0, "", D26) -> poison | W26: normal | X26: fairy | Y26: =B27 -> Roselia | Z26: =IF(ISBLANK(Y26), "", ROUND(( (T27-6)*(T27-7) - (T26-6)*(T26-7) )/15, 0) + 1) -> 4 | AA26: =B26 -> Budew | AC26: Grass Whistle | AD26: =VLOOKUP(AC26,moves!A:B,2,FALSE) -> grass | AE26: =VLOOKUP(AC26,moves!A:D,4,FALSE) -> 1 | AF26: =VLOOKUP(AC26,moves!A:F,5,FALSE) -> agile | AG26: 1 | AH26: 0 | AI26: {=_xlfn.IFS(AG26=1, "starter", AH26=1, "legendary",T26< 13, "weak",T26< 17, "moderate", TRUE, "strong")} -> starter | AK26: 1 | AL26: 0 | AM26: 0
A27: 315 | B27: Roselia | C27: grass | D27: poison | E27: 50 | F27: 60 | G27: 45 | H27: 100 | I27: 80 | J27: 65 | K27: Thorn Pokémon | L27: Plains | M27: Warm | N27: =(0.4*J27 + 0.5*MAX(F27,H27) + 0.1*MIN(F27,H27)) / 10 -> 8.2 | O27: =(0.4*E27 + 0.3*G27 + 0.3*I27) / 10 -> 5.75 | P27: 0 | Q27: 0 | R27: =ROUND(N27,0)+P27 -> 8 | S27: =ROUND(O27,0)+Q27 -> 6 | T27: =SUM(ROUND(R27,0),ROUND(S27,0)) -> 14 | U27: =C27 -> grass | V27: =IF(D27 = 0, "", D27) -> poison | W27: normal | X27: fairy | Y27: =B28 -> Roserade | Z27: =IF(ISBLANK(Y27), "", ROUND(( (T28-6)*(T28-7) - (T27-6)*(T27-7) )/15, 0) + 1) -> 8 | AA27: =B27 -> Roselia | AC27: Venoshock | AD27: =VLOOKUP(AC27,moves!A:B,2,FALSE) -> poison | AE27: =VLOOKUP(AC27,moves!A:D,4,FALSE) -> 3 | AF27: =VLOOKUP(AC27,moves!A:F,5,FALSE) -> 0 | AG27: 0 | AH27: 0 | AI27: {=_xlfn.IFS(AG27=1, "starter", AH27=1, "legendary",T27< 13, "weak",T27< 17, "moderate", TRUE, "strong")} -> moderate | AK27: 2 | AL27: 0 | AM27: 0
A28: 407 | B28: Roserade | C28: grass | D28: poison | E28: 60 | F28: 70 | G28: 65 | H28: 125 | I28: 105 | J28: 90 | K28: Bouquet Pokémon | L28: Plains | M28: Warm | N28: =(0.4*J28 + 0.5*MAX(F28,H28) + 0.1*MIN(F28,H28)) / 10 -> 10.55 | O28: =(0.4*E28 + 0.3*G28 + 0.3*I28) / 10 -> 7.5 | P28: 0 | Q28: 0 | R28: =ROUND(N28,0)+P28 -> 11 | S28: =ROUND(O28,0)+Q28 -> 8 | T28: =SUM(ROUND(R28,0),ROUND(S28,0)) -> 19 | U28: =C28 -> grass | V28: =IF(D28 = 0, "", D28) -> poison | W28: normal | X28: fairy | Z28: =IF(ISBLANK(Y28), "", ROUND(( (T30-6)*(T30-7) - (T28-6)*(T28-7) )/15, 0) + 1) | AA28: =B28 -> Roserade | AC28: Petal Dance | AD28: =VLOOKUP(AC28,moves!A:B,2,FALSE) -> grass | AE28: =VLOOKUP(AC28,moves!A:D,4,FALSE) -> 5 | AF28: =VLOOKUP(AC28,moves!A:F,5,FALSE) -> 0 | AG28: 0 | AH28: 0 | AI28: {=_xlfn.IFS(AG28=1, "starter", AH28=1, "legendary",T28< 13, "weak",T28< 17, "moderate", TRUE, "strong")} -> strong | AK28: 3 | AL28: 0 | AM28: 1
A29: 407-n | B29: Roserade | C29: grass | D29: poison | E29: 60 | F29: 70 | G29: 65 | H29: 125 | I29: 105 | J29: 90 | K29: Bouquet Pokémon | M29: Noble | N29: =(0.4*J29 + 0.5*MAX(F29,H29) + 0.1*MIN(F29,H29)) / 10 -> 10.55 | O29: =(0.4*E29 + 0.3*G29 + 0.3*I29) / 10 -> 7.5 | P29: 2 | Q29: 2 | R29: =ROUND(N29,0)+P29 -> 13 | S29: =ROUND(O29,0)+Q29 -> 10 | T29: =SUM(ROUND(R29,0),ROUND(S29,0)) -> 23 | U29: =C29 -> grass | V29: =IF(D29 = 0, "", D29) -> poison | W29: normal | X29: fairy | Z29: =IF(ISBLANK(Y29), "", ROUND(( (T31-6)*(T31-7) - (T29-6)*(T29-7) )/15, 0) + 1) | AA29: =B29 -> Roserade | AB29: Noble Form | AC29: Petal Dance | AD29: =VLOOKUP(AC29,moves!A:B,2,FALSE) -> grass | AE29: =VLOOKUP(AC29,moves!A:D,4,FALSE) -> 5 | AF29: =VLOOKUP(AC29,moves!A:F,5,FALSE) -> 0 | AG29: 0 | AH29: 1 | AI29: {=_xlfn.IFS(AG29=1, "starter", AH29=1, "legendary",T29< 13, "weak",T29< 17, "moderate", TRUE, "strong")} -> legendary | AK29: 3 | AL29: 0 | AM29: 2
A30: 408 | B30: Cranidos | C30: rock | E30: 67 | F30: 125 | G30: 40 | H30: 30 | I30: 30 | J30: 58 | K30: Head Butt Pokémon | L30: Plains | M30: Temperate | N30: =(0.4*J30 + 0.5*MAX(F30,H30) + 0.1*MIN(F30,H30)) / 10 -> 8.87 | O30: =(0.4*E30 + 0.3*G30 + 0.3*I30) / 10 -> 4.78 | P30: 0 | Q30: 0 | R30: =ROUND(N30,0)+P30 -> 9 | S30: =ROUND(O30,0)+Q30 -> 5 | T30: =SUM(ROUND(R30,0),ROUND(S30,0)) -> 14 | U30: =C30 -> rock | V30: normal | W30: dark | X30: ground | Y30: =B31 -> Rampardos | Z30: =IF(ISBLANK(Y30), "", ROUND(( (T31-6)*(T31-7) - (T30-6)*(T30-7) )/15, 0) + 1) -> 6 | AA30: =B30 -> Cranidos | AC30: Headbutt | AD30: =VLOOKUP(AC30,moves!A:B,2,FALSE) -> normal | AE30: =VLOOKUP(AC30,moves!A:D,4,FALSE) -> 3 | AF30: =VLOOKUP(AC30,moves!A:F,5,FALSE) -> 0 | AG30: 0 | AH30: 0 | AI30: {=_xlfn.IFS(AG30=1, "starter", AH30=1, "legendary",T30< 13, "weak",T30< 17, "moderate", TRUE, "strong")} -> moderate | AK30: 1 | AL30: 0 | AM30: 0
A31: 409 | B31: Rampardos | C31: rock | E31: 97 | F31: 165 | G31: 60 | H31: 65 | I31: 50 | J31: 58 | K31: Head Butt Pokémon | L31: Plains | M31: Temperate | N31: =(0.4*J31 + 0.5*MAX(F31,H31) + 0.1*MIN(F31,H31)) / 10 -> 11.22 | O31: =(0.4*E31 + 0.3*G31 + 0.3*I31) / 10 -> 7.18 | P31: 0 | Q31: 0 | R31: =ROUND(N31,0)+P31 -> 11 | S31: =ROUND(O31,0)+Q31 -> 7 | T31: =SUM(ROUND(R31,0),ROUND(S31,0)) -> 18 | U31: =C31 -> rock | V31: normal | W31: dark | X31: ground | Z31: =IF(ISBLANK(Y31), "", ROUND(( (T32-6)*(T32-7) - (T31-6)*(T31-7) )/15, 0) + 1) | AA31: =B31 -> Rampardos | AC31: Head Smash | AD31: =VLOOKUP(AC31,moves!A:B,2,FALSE) -> rock | AE31: =VLOOKUP(AC31,moves!A:D,4,FALSE) -> 8 | AF31: =VLOOKUP(AC31,moves!A:F,5,FALSE) -> decisive | AG31: 0 | AH31: 0 | AI31: {=_xlfn.IFS(AG31=1, "starter", AH31=1, "legendary",T31< 13, "weak",T31< 17, "moderate", TRUE, "strong")} -> strong | AK31: 2 | AL31: 0 | AM31: 0
A32: 410 | B32: Shieldon | C32: rock | D32: steel | E32: 30 | F32: 42 | G32: 118 | H32: 42 | I32: 88 | J32: 30 | K32: Shield Pokémon | L32: Plains | M32: Temperate | N32: =(0.4*J32 + 0.5*MAX(F32,H32) + 0.1*MIN(F32,H32)) / 10 -> 3.72 | O32: =(0.4*E32 + 0.3*G32 + 0.3*I32) / 10 -> 7.38 | P32: 0 | Q32: 0 | R32: =ROUND(N32,0)+P32 -> 4 | S32: =ROUND(O32,0)+Q32 -> 7 | T32: =SUM(ROUND(R32,0),ROUND(S32,0)) -> 11 | U32: =C32 -> rock | V32: steel | W32: normal | X32: ice | Y32: =B33 -> Bastiodon | Z32: =IF(ISBLANK(Y32), "", ROUND(( (T33-6)*(T33-7) - (T32-6)*(T32-7) )/15, 0) + 1) -> 6 | AA32: =B32 -> Shieldon | AC32: Ancient Power | AD32: =VLOOKUP(AC32,moves!A:B,2,FALSE) -> rock | AE32: =VLOOKUP(AC32,moves!A:D,4,FALSE) -> 2 | AF32: =VLOOKUP(AC32,moves!A:F,5,FALSE) -> boost | AG32: 0 | AH32: 0 | AI32: {=_xlfn.IFS(AG32=1, "starter", AH32=1, "legendary",T32< 13, "weak",T32< 17, "moderate", TRUE, "strong")} -> weak | AK32: 1 | AL32: 0 | AM32: 0
A33: 411 | B33: Bastiodon | C33: rock | D33: steel | E33: 60 | F33: 52 | G33: 168 | H33: 47 | I33: 138 | J33: 30 | K33: Shield Pokémon | L33: Plains | M33: Temperate | N33: =(0.4*J33 + 0.5*MAX(F33,H33) + 0.1*MIN(F33,H33)) / 10 -> 4.27 | O33: =(0.4*E33 + 0.3*G33 + 0.3*I33) / 10 -> 11.58 | P33: 0 | Q33: 0 | R33: =ROUND(N33,0)+P33 -> 4 | S33: =ROUND(O33,0)+Q33 -> 12 | T33: =SUM(ROUND(R33,0),ROUND(S33,0)) -> 16 | U33: =C33 -> rock | V33: steel | W33: normal | X33: ice | Z33: =IF(ISBLANK(Y33), "", ROUND(( (T34-6)*(T34-7) - (T33-6)*(T33-7) )/15, 0) + 1) | AA33: =B33 -> Bastiodon | AC33: Heavy Slam | AD33: =VLOOKUP(AC33,moves!A:B,2,FALSE) -> steel | AE33: =VLOOKUP(AC33,moves!A:D,4,FALSE) -> ? | AF33: =VLOOKUP(AC33,moves!A:F,5,FALSE) -> 0 | AG33: 0 | AH33: 0 | AI33: {=_xlfn.IFS(AG33=1, "starter", AH33=1, "legendary",T33< 13, "weak",T33< 17, "moderate", TRUE, "strong")} -> moderate | AK33: 2 | AL33: 0 | AM33: 0
A34: 412-p | B34: Burmy | C34: bug | E34: 40 | F34: 29 | G34: 45 | H34: 29 | I34: 45 | J34: 36 | K34: Bagworm Pokémon | L34: Forest | M34: Temperate | N34: =(0.4*J34 + 0.5*MAX(F34,H34) + 0.1*MIN(F34,H34)) / 10 -> 3.18 | O34: =(0.4*E34 + 0.3*G34 + 0.3*I34) / 10 -> 4.3 | P34: 0 | Q34: 0 | R34: =ROUND(N34,0)+P34 -> 3 | S34: =ROUND(O34,0)+Q34 -> 4 | T34: =SUM(ROUND(R34,0),ROUND(S34,0)) -> 7 | U34: =C34 -> bug | V34: grass | W34: ground | X34: steel | Y34: Wormadam/Mothim | Z34: =IF(ISBLANK(Y34), "", ROUND(( (T35-6)*(T35-7) - (T34-6)*(T34-7) )/15, 0) + 1) -> 5 | AA34: =B34 -> Burmy | AC34: Bug Bite | AD34: =VLOOKUP(AC34,moves!A:B,2,FALSE) -> bug | AE34: =VLOOKUP(AC34,moves!A:D,4,FALSE) -> 3 | AF34: =VLOOKUP(AC34,moves!A:F,5,FALSE) -> 0 | AG34: 0 | AH34: 0 | AI34: {=_xlfn.IFS(AG34=1, "starter", AH34=1, "legendary",T34< 13, "weak",T34< 17, "moderate", TRUE, "strong")} -> weak | AK34: 1 | AL34: 0 | AM34: 0
A35: 413 | B35: Wormadam | C35: bug | D35: grass | E35: 60 | F35: 69 | G35: 95 | H35: 69 | I35: 95 | J35: 36 | K35: Bagworm Pokémon | L35: Forest | M35: Temperate | N35: =(0.4*J35 + 0.5*MAX(F35,H35) + 0.1*MIN(F35,H35)) / 10 -> 5.58 | O35: =(0.4*E35 + 0.3*G35 + 0.3*I35) / 10 -> 8.1 | P35: 0 | Q35: 0 | R35: =ROUND(N35,0)+P35 -> 6 | S35: =ROUND(O35,0)+Q35 -> 8 | T35: =SUM(ROUND(R35,0),ROUND(S35,0)) -> 14 | U35: =C35 -> bug | V35: grass | W35: ground | X35: steel | Z35: =IF(ISBLANK(Y35), "", ROUND(( (T38-6)*(T38-7) - (T35-6)*(T35-7) )/15, 0) + 1) | AA35: =B35 -> Wormadam | AB35: Plant Cloak Form | AC35: Adaptive Cloak | AD35: =VLOOKUP(AC35,moves!A:B,2,FALSE) -> typeless | AE35: =VLOOKUP(AC35,moves!A:D,4,FALSE) -> 4 | AF35: =VLOOKUP(AC35,moves!A:F,5,FALSE) -> transform | AG35: 0 | AH35: 0 | AI35: {=_xlfn.IFS(AG35=1, "starter", AH35=1, "legendary",T35< 13, "weak",T35< 17, "moderate", TRUE, "strong")} -> moderate | AK35: 2 | AL35: 0 | AM35: 1
A36: 413-c | B36: Wormadam | C36: bug | D36: ground | E36: 60 | F36: 69 | G36: 95 | H36: 69 | I36: 95 | J36: 36 | K36: Bagworm Pokémon | L36: Forest | M36: Temperate | N36: =(0.4*J36 + 0.5*MAX(F36,H36) + 0.1*MIN(F36,H36)) / 10 -> 5.58 | O36: =(0.4*E36 + 0.3*G36 + 0.3*I36) / 10 -> 8.1 | P36: 0 | Q36: 0 | R36: =ROUND(N36,0)+P36 -> 6 | S36: =ROUND(O36,0)+Q36 -> 8 | T36: =SUM(ROUND(R36,0),ROUND(S36,0)) -> 14 | U36: =C36 -> bug | V36: grass | W36: ground | X36: steel | Z36: =IF(ISBLANK(Y36), "", ROUND(( (T39-6)*(T39-7) - (T36-6)*(T36-7) )/15, 0) + 1) | AA36: Sandy Wormadam | AB36: Sandy Cloak Form | AC36: Adaptive Cloak | AD36: =VLOOKUP(AC36,moves!A:B,2,FALSE) -> typeless | AE36: =VLOOKUP(AC36,moves!A:D,4,FALSE) -> 4 | AF36: =VLOOKUP(AC36,moves!A:F,5,FALSE) -> transform | AG36: 0 | AH36: 0 | AI36: {=_xlfn.IFS(AG36=1, "starter", AH36=1, "legendary",T36< 13, "weak",T36< 17, "moderate", TRUE, "strong")} -> moderate | AK36: 2 | AL36: 0 | AM36: 2
A37: 413-t | B37: Wormadam | C37: bug | D37: steel | E37: 60 | F37: 69 | G37: 95 | H37: 69 | I37: 95 | J37: 36 | K37: Bagworm Pokémon | L37: Forest | M37: Temperate | N37: =(0.4*J37 + 0.5*MAX(F37,H37) + 0.1*MIN(F37,H37)) / 10 -> 5.58 | O37: =(0.4*E37 + 0.3*G37 + 0.3*I37) / 10 -> 8.1 | P37: 0 | Q37: 0 | R37: =ROUND(N37,0)+P37 -> 6 | S37: =ROUND(O37,0)+Q37 -> 8 | T37: =SUM(ROUND(R37,0),ROUND(S37,0)) -> 14 | U37: =C37 -> bug | V37: grass | W37: ground | X37: steel | Z37: =IF(ISBLANK(Y37), "", ROUND(( (T40-6)*(T40-7) - (T37-6)*(T37-7) )/15, 0) + 1) | AA37: Trash Wormadam | AB37: Trash Cloak Form | AC37: Adaptive Cloak | AD37: =VLOOKUP(AC37,moves!A:B,2,FALSE) -> typeless | AE37: =VLOOKUP(AC37,moves!A:D,4,FALSE) -> 4 | AF37: =VLOOKUP(AC37,moves!A:F,5,FALSE) -> transform | AG37: 0 | AH37: 0 | AI37: {=_xlfn.IFS(AG37=1, "starter", AH37=1, "legendary",T37< 13, "weak",T37< 17, "moderate", TRUE, "strong")} -> moderate | AK37: 2 | AL37: 0 | AM37: 3
A38: 414 | B38: Mothim | C38: bug | D38: flying | E38: 70 | F38: 94 | G38: 50 | H38: 94 | I38: 50 | J38: 66 | K38: Moth Pokémon | L38: Forest | M38: Temperate | N38: =(0.4*J38 + 0.5*MAX(F38,H38) + 0.1*MIN(F38,H38)) / 10 -> 8.28 | O38: =(0.4*E38 + 0.3*G38 + 0.3*I38) / 10 -> 5.8 | P38: 0 | Q38: 0 | R38: =ROUND(N38,0)+P38 -> 8 | S38: =ROUND(O38,0)+Q38 -> 6 | T38: =SUM(ROUND(R38,0),ROUND(S38,0)) -> 14 | U38: =C38 -> bug | V38: =IF(D38 = 0, "", D38) -> flying | W38: psychic | X38: ghost | Z38: =IF(ISBLANK(Y38), "", ROUND(( (T39-6)*(T39-7) - (T38-6)*(T38-7) )/15, 0) + 1) | AA38: =B38 -> Mothim | AC38: Lunge | AD38: =VLOOKUP(AC38,moves!A:B,2,FALSE) -> bug | AE38: =VLOOKUP(AC38,moves!A:D,4,FALSE) -> 3 | AF38: =VLOOKUP(AC38,moves!A:F,5,FALSE) -> switch | AG38: 0 | AH38: 0 | AI38: {=_xlfn.IFS(AG38=1, "starter", AH38=1, "legendary",T38< 13, "weak",T38< 17, "moderate", TRUE, "strong")} -> moderate | AK38: 2 | AL38: 0 | AM38: 0
A39: 415 | B39: Combee | C39: bug | D39: flying | E39: 30 | F39: 30 | G39: 42 | H39: 30 | I39: 42 | J39: 70 | K39: Tiny Bee Pokémon | L39: Forest | M39: Temperate | N39: =(0.4*J39 + 0.5*MAX(F39,H39) + 0.1*MIN(F39,H39)) / 10 -> 4.6 | O39: =(0.4*E39 + 0.3*G39 + 0.3*I39) / 10 -> 3.72 | P39: 0 | Q39: 0 | R39: =ROUND(N39,0)+P39 -> 5 | S39: =ROUND(O39,0)+Q39 -> 4 | T39: =SUM(ROUND(R39,0),ROUND(S39,0)) -> 9 | U39: =C39 -> bug | V39: =IF(D39 = 0, "", D39) -> flying | W39: poison | X39: normal | Y39: =B40 -> Vespiquen | Z39: =IF(ISBLANK(Y39), "", ROUND(( (T40-6)*(T40-7) - (T39-6)*(T39-7) )/15, 0) + 1) -> 5 | AA39: =B39 -> Combee | AC39: Sweet Scent | AD39: =VLOOKUP(AC39,moves!A:B,2,FALSE) -> normal | AE39: =VLOOKUP(AC39,moves!A:D,4,FALSE) -> 2 | AF39: =VLOOKUP(AC39,moves!A:F,5,FALSE) -> 0 | AG39: 0 | AH39: 0 | AI39: {=_xlfn.IFS(AG39=1, "starter", AH39=1, "legendary",T39< 13, "weak",T39< 17, "moderate", TRUE, "strong")} -> weak | AK39: 1 | AL39: 0 | AM39: 0
A40: 416 | B40: Vespiquen | C40: bug | D40: flying | E40: 70 | F40: 80 | G40: 102 | H40: 80 | I40: 102 | J40: 40 | K40: Beehive Pokémon | L40: Forest | M40: Temperate | N40: =(0.4*J40 + 0.5*MAX(F40,H40) + 0.1*MIN(F40,H40)) / 10 -> 6.4 | O40: =(0.4*E40 + 0.3*G40 + 0.3*I40) / 10 -> 8.92 | P40: 0 | Q40: 0 | R40: =ROUND(N40,0)+P40 -> 6 | S40: =ROUND(O40,0)+Q40 -> 9 | T40: =SUM(ROUND(R40,0),ROUND(S40,0)) -> 15 | U40: =C40 -> bug | V40: =IF(D40 = 0, "", D40) -> flying | W40: poison | X40: rock | Z40: =IF(ISBLANK(Y40), "", ROUND(( (T41-6)*(T41-7) - (T40-6)*(T40-7) )/15, 0) + 1) | AA40: =B40 -> Vespiquen | AC40: Attack Order | AD40: =VLOOKUP(AC40,moves!A:B,2,FALSE) -> bug | AE40: =VLOOKUP(AC40,moves!A:D,4,FALSE) -> 4 | AF40: =VLOOKUP(AC40,moves!A:F,5,FALSE) -> 0 | AG40: 0 | AH40: 0 | AI40: {=_xlfn.IFS(AG40=1, "starter", AH40=1, "legendary",T40< 13, "weak",T40< 17, "moderate", TRUE, "strong")} -> moderate | AK40: 2 | AL40: 0 | AM40: 0
A41: 417 | B41: Pachirisu | C41: electric | E41: 60 | F41: 45 | G41: 70 | H41: 45 | I41: 90 | J41: 95 | K41: EleSquirrel Pokémon | L41: Forest | M41: Temperate | N41: =(0.4*J41 + 0.5*MAX(F41,H41) + 0.1*MIN(F41,H41)) / 10 -> 6.5 | O41: =(0.4*E41 + 0.3*G41 + 0.3*I41) / 10 -> 7.2 | P41: 0 | Q41: 0 | R41: =ROUND(N41,0)+P41 -> 7 | S41: =ROUND(O41,0)+Q41 -> 7 | T41: =SUM(ROUND(R41,0),ROUND(S41,0)) -> 14 | U41: =C41 -> electric | V41: normal | W41: bug | X41: fairy | Z41: =IF(ISBLANK(Y41), "", ROUND(( (T42-6)*(T42-7) - (T41-6)*(T41-7) )/15, 0) + 1) | AA41: =B41 -> Pachirisu | AC41: Nuzzle | AD41: =VLOOKUP(AC41,moves!A:B,2,FALSE) -> electric | AE41: =VLOOKUP(AC41,moves!A:D,4,FALSE) -> 1 | AF41: =VLOOKUP(AC41,moves!A:F,5,FALSE) -> agile | AG41: 0 | AH41: 0 | AI41: {=_xlfn.IFS(AG41=1, "starter", AH41=1, "legendary",T41< 13, "weak",T41< 17, "moderate", TRUE, "strong")} -> moderate | AK41: 1 | AL41: 0 | AM41: 0
A42: 418 | B42: Buizel | C42: water | E42: 55 | F42: 65 | G42: 35 | H42: 60 | I42: 30 | J42: 85 | K42: Sea Weasel Pokémon | L42: Ocean | M42: Warm | N42: =(0.4*J42 + 0.5*MAX(F42,H42) + 0.1*MIN(F42,H42)) / 10 -> 7.25 | O42: =(0.4*E42 + 0.3*G42 + 0.3*I42) / 10 -> 4.15 | P42: 0 | Q42: 0 | R42: =ROUND(N42,0)+P42 -> 7 | S42: =ROUND(O42,0)+Q42 -> 4 | T42: =SUM(ROUND(R42,0),ROUND(S42,0)) -> 11 | U42: =C42 -> water | V42: normal | W42: dark | X42: ice | Y42: =B43 -> Floatzel | Z42: =IF(ISBLANK(Y42), "", ROUND(( (T43-6)*(T43-7) - (T42-6)*(T42-7) )/15, 0) + 1) -> 8 | AA42: =B42 -> Buizel | AC42: Flip Turn | AD42: =VLOOKUP(AC42,moves!A:B,2,FALSE) -> water | AE42: =VLOOKUP(AC42,moves!A:D,4,FALSE) -> 3 | AF42: =VLOOKUP(AC42,moves!A:F,5,FALSE) -> switch | AG42: 0 | AH42: 0 | AI42: {=_xlfn.IFS(AG42=1, "starter", AH42=1, "legendary",T42< 13, "weak",T42< 17, "moderate", TRUE, "strong")} -> weak | AK42: 1 | AL42: 0 | AM42: 0
A43: 419 | B43: Floatzel | C43: water | E43: 85 | F43: 105 | G43: 55 | H43: 85 | I43: 50 | J43: 115 | K43: Sea Weasel Pokémon | L43: Ocean | M43: Warm | N43: =(0.4*J43 + 0.5*MAX(F43,H43) + 0.1*MIN(F43,H43)) / 10 -> 10.7 | O43: =(0.4*E43 + 0.3*G43 + 0.3*I43) / 10 -> 6.55 | P43: 0 | Q43: 0 | R43: =ROUND(N43,0)+P43 -> 11 | S43: =ROUND(O43,0)+Q43 -> 7 | T43: =SUM(ROUND(R43,0),ROUND(S43,0)) -> 18 | U43: =C43 -> water | V43: normal | W43: dark | X43: ice | Z43: =IF(ISBLANK(Y43), "", ROUND(( (T44-6)*(T44-7) - (T43-6)*(T43-7) )/15, 0) + 1) | AA43: =B43 -> Floatzel | AC43: Aqua Jet | AD43: =VLOOKUP(AC43,moves!A:B,2,FALSE) -> water | AE43: =VLOOKUP(AC43,moves!A:D,4,FALSE) -> 2 | AF43: =VLOOKUP(AC43,moves!A:F,5,FALSE) -> agile | AG43: 0 | AH43: 0 | AI43: {=_xlfn.IFS(AG43=1, "starter", AH43=1, "legendary",T43< 13, "weak",T43< 17, "moderate", TRUE, "strong")} -> strong | AK43: 2 | AL43: 0 | AM43: 0
A44: 420 | B44: Cherubi | C44: grass | E44: 45 | F44: 35 | G44: 45 | H44: 62 | I44: 53 | J44: 35 | K44: Cherry Pokémon | L44: Forest | M44: Warm | N44: =(0.4*J44 + 0.5*MAX(F44,H44) + 0.1*MIN(F44,H44)) / 10 -> 4.85 | O44: =(0.4*E44 + 0.3*G44 + 0.3*I44) / 10 -> 4.74 | P44: 0 | Q44: 0 | R44: =ROUND(N44,0)+P44 -> 5 | S44: =ROUND(O44,0)+Q44 -> 5 | T44: =SUM(ROUND(R44,0),ROUND(S44,0)) -> 10 | U44: =C44 -> grass | V44: normal | W44: fairy | X44: psychic | Y44: =B46 -> Cherrim | Z44: =IF(ISBLANK(Y44), "", ROUND(( (T45-6)*(T45-7) - (T44-6)*(T44-7) )/15, 0) + 1) -> 5 | AA44: =B44 -> Cherubi | AC44: Flower Shield | AD44: =VLOOKUP(AC44,moves!A:B,2,FALSE) -> fairy | AE44: =VLOOKUP(AC44,moves!A:D,4,FALSE) -> 2 | AF44: =VLOOKUP(AC44,moves!A:F,5,FALSE) -> 0 | AG44: 0 | AH44: 0 | AI44: {=_xlfn.IFS(AG44=1, "starter", AH44=1, "legendary",T44< 13, "weak",T44< 17, "moderate", TRUE, "strong")} -> weak | AK44: 1 | AL44: 0 | AM44: 0
A45: 421 | B45: Cherrim | C45: grass | E45: 70 | F45: 60 | G45: 70 | H45: 87 | I45: 78 | J45: 85 | K45: Blossom Pokémon | L45: Forest | M45: Warm | N45: =(0.4*J45 + 0.5*MAX(F45,H45) + 0.1*MIN(F45,H45)) / 10 -> 8.35 | O45: =(0.4*E45 + 0.3*G45 + 0.3*I45) / 10 -> 7.24 | P45: 0 | Q45: 0 | R45: =ROUND(N45,0)+P45 -> 8 | S45: =ROUND(O45,0)+Q45 -> 7 | T45: =SUM(ROUND(R45,0),ROUND(S45,0)) -> 15 | U45: =C45 -> grass | V45: normal | W45: fairy | X45: psychic | Z45: =IF(ISBLANK(Y45), "", ROUND(( (T46-6)*(T46-7) - (T45-6)*(T45-7) )/15, 0) + 1) | AA45: =B45 -> Cherrim | AB45: Overcast Form | AC45: Gather Sunlight | AD45: =VLOOKUP(AC45,moves!A:B,2,FALSE) -> grass | AE45: =VLOOKUP(AC45,moves!A:D,4,FALSE) -> 2 | AF45: =VLOOKUP(AC45,moves!A:F,5,FALSE) -> transform | AG45: 0 | AH45: 0 | AI45: {=_xlfn.IFS(AG45=1, "starter", AH45=1, "legendary",T45< 13, "weak",T45< 17, "moderate", TRUE, "strong")} -> moderate | AK45: 2 | AL45: 0 | AM45: 1
A46: 421-s | B46: Cherrim | C46: grass | E46: 70 | F46: 90 | G46: 70 | H46: 87 | I46: 117 | J46: 85 | K46: Blossom Pokémon | L46: Forest | M46: Warm | N46: =(0.4*J46 + 0.5*MAX(F46,H46) + 0.1*MIN(F46,H46)) / 10 -> 8.77 | O46: =(0.4*E46 + 0.3*G46 + 0.3*I46) / 10 -> 8.41 | P46: -1 | Q46: -1 | R46: =ROUND(N46,0)+P46 -> 8 | S46: =ROUND(O46,0)+Q46 -> 7 | T46: =SUM(ROUND(R46,0),ROUND(S46,0)) -> 15 | U46: =C46 -> grass | V46: normal | W46: fairy | X46: psychic | Z46: =IF(ISBLANK(Y46), "", ROUND(( (T47-6)*(T47-7) - (T46-6)*(T46-7) )/15, 0) + 1) | AA46: Sunshine Cherrim | AB46: Sunshine Form | AC46: Solar Beam | AD46: =VLOOKUP(AC46,moves!A:B,2,FALSE) -> grass | AE46: =VLOOKUP(AC46,moves!A:D,4,FALSE) -> 6 | AF46: =VLOOKUP(AC46,moves!A:F,5,FALSE) -> decisive | AG46: 0 | AH46: 0 | AI46: {=_xlfn.IFS(AG46=1, "starter", AH46=1, "legendary",T46< 13, "weak",T46< 17, "moderate", TRUE, "strong")} -> moderate | AK46: 2 | AL46: 0 | AM46: 2
A47: 422 | B47: Shellos | C47: water | E47: 76 | F47: 48 | G47: 48 | H47: 57 | I47: 62 | J47: 34 | K47: Sea Slug Pokémon | L47: Ocean | M47: Cold | N47: =(0.4*J47 + 0.5*MAX(F47,H47) + 0.1*MIN(F47,H47)) / 10 -> 4.69 | O47: =(0.4*E47 + 0.3*G47 + 0.3*I47) / 10 -> 6.34 | P47: 0 | Q47: 0 | R47: =ROUND(N47,0)+P47 -> 5 | S47: =ROUND(O47,0)+Q47 -> 6 | T47: =SUM(ROUND(R47,0),ROUND(S47,0)) -> 11 | U47: =C47 -> water | V47: ground | W47: normal | X47: ice | Y47: West Ocean Gastrodon | Z47: =IF(ISBLANK(Y47), "", ROUND(( (T48-6)*(T48-7) - (T47-6)*(T47-7) )/15, 0) + 1) -> 6 | AA47: West Ocean Shellos | AB47: West Ocean Variant | AC47: Water Gun | AD47: =VLOOKUP(AC47,moves!A:B,2,FALSE) -> water | AE47: =VLOOKUP(AC47,moves!A:D,4,FALSE) -> 2 | AF47: =VLOOKUP(AC47,moves!A:F,5,FALSE) -> 0 | AG47: 0 | AH47: 0 | AI47: {=_xlfn.IFS(AG47=1, "starter", AH47=1, "legendary",T47< 13, "weak",T47< 17, "moderate", TRUE, "strong")} -> weak | AK47: 1 | AL47: 0 | AM47: 0
A48: 423 | B48: Gastrodon | C48: water | D48: ground | E48: 111 | F48: 83 | G48: 68 | H48: 92 | I48: 82 | J48: 39 | K48: Sea Slug Pokémon | L48: Ocean | M48: Cold | N48: =(0.4*J48 + 0.5*MAX(F48,H48) + 0.1*MIN(F48,H48)) / 10 -> 6.99 | O48: =(0.4*E48 + 0.3*G48 + 0.3*I48) / 10 -> 8.94 | P48: 0 | Q48: 0 | R48: =ROUND(N48,0)+P48 -> 7 | S48: =ROUND(O48,0)+Q48 -> 9 | T48: =SUM(ROUND(R48,0),ROUND(S48,0)) -> 16 | U48: =C48 -> water | V48: =IF(D48 = 0, "", D48) -> ground | W48: normal | X48: ice | Z48: =IF(ISBLANK(Y48), "", ROUND(( (T49-6)*(T49-7) - (T48-6)*(T48-7) )/15, 0) + 1) | AA48: West Ocean Gastrodon | AB48: West Ocean Variant | AC48: Ice Beam | AD48: =VLOOKUP(AC48,moves!A:B,2,FALSE) -> ice | AE48: =VLOOKUP(AC48,moves!A:D,4,FALSE) -> 4 | AF48: =VLOOKUP(AC48,moves!A:F,5,FALSE) -> 0 | AG48: 0 | AH48: 0 | AI48: {=_xlfn.IFS(AG48=1, "starter", AH48=1, "legendary",T48< 13, "weak",T48< 17, "moderate", TRUE, "strong")} -> moderate | AK48: 2 | AL48: 0 | AM48: 0
A49: 422-e | B49: Shellos | C49: water | E49: 76 | F49: 48 | G49: 48 | H49: 57 | I49: 62 | J49: 34 | K49: Sea Slug Pokémon | L49: Ocean | M49: Warm | N49: =(0.4*J49 + 0.5*MAX(F49,H49) + 0.1*MIN(F49,H49)) / 10 -> 4.69 | O49: =(0.4*E49 + 0.3*G49 + 0.3*I49) / 10 -> 6.34 | P49: 0 | Q49: 0 | R49: =ROUND(N49,0)+P49 -> 5 | S49: =ROUND(O49,0)+Q49 -> 6 | T49: =SUM(ROUND(R49,0),ROUND(S49,0)) -> 11 | U49: =C49 -> water | V49: ground | W49: normal | X49: fire | Y49: East Ocean Gastrodon | Z49: =IF(ISBLANK(Y49), "", ROUND(( (T50-6)*(T50-7) - (T49-6)*(T49-7) )/15, 0) + 1) -> 6 | AA49: East Ocean Shellos | AB49: East Ocean Variant | AC49: Mud Bomb | AD49: =VLOOKUP(AC49,moves!A:B,2,FALSE) -> ground | AE49: =VLOOKUP(AC49,moves!A:D,4,FALSE) -> 3 | AF49: =VLOOKUP(AC49,moves!A:F,5,FALSE) -> 0 | AG49: 0 | AH49: 0 | AI49: {=_xlfn.IFS(AG49=1, "starter", AH49=1, "legendary",T49< 13, "weak",T49< 17, "moderate", TRUE, "strong")} -> weak | AK49: 1 | AL49: 0 | AM49: 0
A50: 423-e | B50: Gastrodon | C50: water | D50: ground | E50: 111 | F50: 83 | G50: 68 | H50: 92 | I50: 82 | J50: 39 | K50: Sea Slug Pokémon | L50: Ocean | M50: Warm | N50: =(0.4*J50 + 0.5*MAX(F50,H50) + 0.1*MIN(F50,H50)) / 10 -> 6.99 | O50: =(0.4*E50 + 0.3*G50 + 0.3*I50) / 10 -> 8.94 | P50: 0 | Q50: 0 | R50: =ROUND(N50,0)+P50 -> 7 | S50: =ROUND(O50,0)+Q50 -> 9 | T50: =SUM(ROUND(R50,0),ROUND(S50,0)) -> 16 | U50: =C50 -> water | V50: =IF(D50 = 0, "", D50) -> ground | W50: normal | X50: fire | Z50: =IF(ISBLANK(Y50), "", ROUND(( (T51-6)*(T51-7) - (T50-6)*(T50-7) )/15, 0) + 1) | AA50: East Ocean Gastrodon | AB50: East Ocean Variant | AC50: Scald | AD50: =VLOOKUP(AC50,moves!A:B,2,FALSE) -> water | AE50: =VLOOKUP(AC50,moves!A:D,4,FALSE) -> 4 | AF50: =VLOOKUP(AC50,moves!A:F,5,FALSE) -> 0 | AG50: 0 | AH50: 0 | AI50: {=_xlfn.IFS(AG50=1, "starter", AH50=1, "legendary",T50< 13, "weak",T50< 17, "moderate", TRUE, "strong")} -> moderate | AK50: 2 | AL50: 0 | AM50: 0
A51: 190 | B51: Aipom | C51: normal | E51: 55 | F51: 70 | G51: 55 | H51: 40 | I51: 55 | J51: 85 | K51: Long Tail Pokémon | L51: Forest | M51: Temperate | N51: =(0.4*J51 + 0.5*MAX(F51,H51) + 0.1*MIN(F51,H51)) / 10 -> 7.3 | O51: =(0.4*E51 + 0.3*G51 + 0.3*I51) / 10 -> 5.5 | P51: 0 | Q51: 0 | R51: =ROUND(N51,0)+P51 -> 7 | S51: =ROUND(O51,0)+Q51 -> 6 | T51: =SUM(ROUND(R51,0),ROUND(S51,0)) -> 13 | U51: =C51 -> normal | V51: fighting | W51: dark | X51: dragon | Y51: =B52 -> Ambipom | Z51: =IF(ISBLANK(Y51), "", ROUND(( (T52-6)*(T52-7) - (T51-6)*(T51-7) )/15, 0) + 1) -> 6 | AA51: =B51 -> Aipom | AC51: Double Hit | AD51: =VLOOKUP(AC51,moves!A:B,2,FALSE) -> normal | AE51: =VLOOKUP(AC51,moves!A:D,4,FALSE) -> 2 | AF51: =VLOOKUP(AC51,moves!A:F,5,FALSE) -> 0 | AG51: 0 | AH51: 0 | AI51: {=_xlfn.IFS(AG51=1, "starter", AH51=1, "legendary",T51< 13, "weak",T51< 17, "moderate", TRUE, "strong")} -> moderate | AK51: 1 | AL51: 0 | AM51: 0
A52: 424 | B52: Ambipom | C52: normal | E52: 75 | F52: 100 | G52: 66 | H52: 60 | I52: 66 | J52: 115 | K52: Long Tail Pokémon | L52: Forest | M52: Temperate | N52: =(0.4*J52 + 0.5*MAX(F52,H52) + 0.1*MIN(F52,H52)) / 10 -> 10.2 | O52: =(0.4*E52 + 0.3*G52 + 0.3*I52) / 10 -> 6.96 | P52: 0 | Q52: 0 | R52: =ROUND(N52,0)+P52 -> 10 | S52: =ROUND(O52,0)+Q52 -> 7 | T52: =SUM(ROUND(R52,0),ROUND(S52,0)) -> 17 | U52: =C52 -> normal | V52: fighting | W52: dark | X52: dragon | Z52: =IF(ISBLANK(Y52), "", ROUND(( (T53-6)*(T53-7) - (T52-6)*(T52-7) )/15, 0) + 1) | AA52: =B52 -> Ambipom | AC52: Double-Edge | AD52: =VLOOKUP(AC52,moves!A:B,2,FALSE) -> normal | AE52: =VLOOKUP(AC52,moves!A:D,4,FALSE) -> 5 | AF52: =VLOOKUP(AC52,moves!A:F,5,FALSE) -> 0 | AG52: 0 | AH52: 0 | AI52: {=_xlfn.IFS(AG52=1, "starter", AH52=1, "legendary",T52< 13, "weak",T52< 17, "moderate", TRUE, "strong")} -> strong | AK52: 2 | AL52: 0 | AM52: 0
A53: 425 | B53: Drifloon | C53: ghost | D53: flying | E53: 90 | F53: 50 | G53: 34 | H53: 60 | I53: 44 | J53: 70 | K53: Balloon Pokémon | L53: Plains | M53: Temperate | N53: =(0.4*J53 + 0.5*MAX(F53,H53) + 0.1*MIN(F53,H53)) / 10 -> 6.3 | O53: =(0.4*E53 + 0.3*G53 + 0.3*I53) / 10 -> 5.94 | P53: 0 | Q53: 0 | R53: =ROUND(N53,0)+P53 -> 6 | S53: =ROUND(O53,0)+Q53 -> 6 | T53: =SUM(ROUND(R53,0),ROUND(S53,0)) -> 12 | U53: =C53 -> ghost | V53: fire | W53: normal | X53: psychic | Y53: =B54 -> Drifblim | Z53: =IF(ISBLANK(Y53), "", ROUND(( (T54-6)*(T54-7) - (T53-6)*(T53-7) )/15, 0) + 1) -> 8 | AA53: =B53 -> Drifloon | AC53: Ominous Wind | AD53: =VLOOKUP(AC53,moves!A:B,2,FALSE) -> ghost | AE53: =VLOOKUP(AC53,moves!A:D,4,FALSE) -> 2 | AF53: =VLOOKUP(AC53,moves!A:F,5,FALSE) -> boost | AG53: 0 | AH53: 0 | AI53: {=_xlfn.IFS(AG53=1, "starter", AH53=1, "legendary",T53< 13, "weak",T53< 17, "moderate", TRUE, "strong")} -> weak | AK53: 1 | AL53: 0 | AM53: 0
A54: 426 | B54: Drifblim | C54: ghost | D54: flying | E54: 150 | F54: 80 | G54: 44 | H54: 90 | I54: 54 | J54: 80 | K54: Blimp Pokémon | L54: Plains | M54: Temperate | N54: =(0.4*J54 + 0.5*MAX(F54,H54) + 0.1*MIN(F54,H54)) / 10 -> 8.5 | O54: =(0.4*E54 + 0.3*G54 + 0.3*I54) / 10 -> 8.94 | P54: 0 | Q54: 0 | R54: =ROUND(N54,0)+P54 -> 9 | S54: =ROUND(O54,0)+Q54 -> 9 | T54: =SUM(ROUND(R54,0),ROUND(S54,0)) -> 18 | U54: =C54 -> ghost | V54: fire | W54: normal | X54: psychic | Z54: =IF(ISBLANK(Y54), "", ROUND(( (T55-6)*(T55-7) - (T54-6)*(T54-7) )/15, 0) + 1) | AA54: =B54 -> Drifblim | AC54: Explosion | AD54: =VLOOKUP(AC54,moves!A:B,2,FALSE) -> normal | AE54: =VLOOKUP(AC54,moves!A:D,4,FALSE) -> 8 | AF54: =VLOOKUP(AC54,moves!A:F,5,FALSE) -> decisive | AG54: 0 | AH54: 0 | AI54: {=_xlfn.IFS(AG54=1, "starter", AH54=1, "legendary",T54< 13, "weak",T54< 17, "moderate", TRUE, "strong")} -> strong | AK54: 2 | AL54: 0 | AM54: 0
A55: 427 | B55: Buneary | C55: normal | E55: 55 | F55: 66 | G55: 44 | H55: 44 | I55: 56 | J55: 85 | K55: Rabbit Pokémon | L55: Plains | M55: Cold | N55: =(0.4*J55 + 0.5*MAX(F55,H55) + 0.1*MIN(F55,H55)) / 10 -> 7.14 | O55: =(0.4*E55 + 0.3*G55 + 0.3*I55) / 10 -> 5.2 | P55: 0 | Q55: 0 | R55: =ROUND(N55,0)+P55 -> 7 | S55: =ROUND(O55,0)+Q55 -> 5 | T55: =SUM(ROUND(R55,0),ROUND(S55,0)) -> 12 | U55: =C55 -> normal | V55: fighting | W55: flying | X55: psychic | Y55: =B56 -> Lopunny | Z55: =IF(ISBLANK(Y55), "", ROUND(( (T56-6)*(T56-7) - (T55-6)*(T55-7) )/15, 0) + 1) -> 6 | AA55: =B55 -> Buneary | AC55: Headbutt | AD55: =VLOOKUP(AC55,moves!A:B,2,FALSE) -> normal | AE55: =VLOOKUP(AC55,moves!A:D,4,FALSE) -> 3 | AF55: =VLOOKUP(AC55,moves!A:F,5,FALSE) -> 0 | AG55: 0 | AH55: 0 | AI55: {=_xlfn.IFS(AG55=1, "starter", AH55=1, "legendary",T55< 13, "weak",T55< 17, "moderate", TRUE, "strong")} -> weak | AK55: 1 | AL55: 0 | AM55: 0
A56: 428 | B56: Lopunny | C56: normal | E56: 65 | F56: 76 | G56: 84 | H56: 54 | I56: 96 | J56: 105 | K56: Rabbit Pokémon | L56: Plains | M56: Cold | N56: =(0.4*J56 + 0.5*MAX(F56,H56) + 0.1*MIN(F56,H56)) / 10 -> 8.54 | O56: =(0.4*E56 + 0.3*G56 + 0.3*I56) / 10 -> 8 | P56: 0 | Q56: 0 | R56: =ROUND(N56,0)+P56 -> 9 | S56: =ROUND(O56,0)+Q56 -> 8 | T56: =SUM(ROUND(R56,0),ROUND(S56,0)) -> 17 | U56: =C56 -> normal | V56: fighting | W56: flying | X56: psychic | Z56: =IF(ISBLANK(Y56), "", ROUND(( (T57-6)*(T57-7) - (T56-6)*(T56-7) )/15, 0) + 1) | AA56: =B56 -> Lopunny | AC56: High Jump Kick | AD56: =VLOOKUP(AC56,moves!A:B,2,FALSE) -> fighting | AE56: =VLOOKUP(AC56,moves!A:D,4,FALSE) -> 5 | AF56: =VLOOKUP(AC56,moves!A:F,5,FALSE) -> 0 | AG56: 0 | AH56: 0 | AI56: {=_xlfn.IFS(AG56=1, "starter", AH56=1, "legendary",T56< 13, "weak",T56< 17, "moderate", TRUE, "strong")} -> strong | AK56: 2 | AL56: 0 | AM56: 0
A57: 200 | B57: Misdreavus | C57: ghost | E57: 60 | F57: 60 | G57: 60 | H57: 85 | I57: 85 | J57: 85 | K57: Screech Pokémon | L57: Forest | M57: Cold | N57: =(0.4*J57 + 0.5*MAX(F57,H57) + 0.1*MIN(F57,H57)) / 10 -> 8.25 | O57: =(0.4*E57 + 0.3*G57 + 0.3*I57) / 10 -> 6.75 | P57: 0 | Q57: 0 | R57: =ROUND(N57,0)+P57 -> 8 | S57: =ROUND(O57,0)+Q57 -> 7 | T57: =SUM(ROUND(R57,0),ROUND(S57,0)) -> 15 | U57: =C57 -> ghost | V57: fire | W57: rock | X57: grass | Y57: =B58 -> Mismagius | Z57: =IF(ISBLANK(Y57), "", ROUND(( (T58-6)*(T58-7) - (T57-6)*(T57-7) )/15, 0) + 1) -> 4 | AA57: =B57 -> Misdreavus | AC57: Shadow Sneak | AD57: =VLOOKUP(AC57,moves!A:B,2,FALSE) -> ghost | AE57: =VLOOKUP(AC57,moves!A:D,4,FALSE) -> 2 | AF57: =VLOOKUP(AC57,moves!A:F,5,FALSE) -> agile | AG57: 0 | AH57: 0 | AI57: {=_xlfn.IFS(AG57=1, "starter", AH57=1, "legendary",T57< 13, "weak",T57< 17, "moderate", TRUE, "strong")} -> moderate | AK57: 1 | AL57: 0 | AM57: 0
A58: 429 | B58: Mismagius | C58: ghost | E58: 60 | F58: 60 | G58: 60 | H58: 105 | I58: 105 | J58: 105 | K58: Magical Pokémon | L58: Forest | M58: Cold | N58: =(0.4*J58 + 0.5*MAX(F58,H58) + 0.1*MIN(F58,H58)) / 10 -> 10.05 | O58: =(0.4*E58 + 0.3*G58 + 0.3*I58) / 10 -> 7.35 | P58: 0 | Q58: 0 | R58: =ROUND(N58,0)+P58 -> 10 | S58: =ROUND(O58,0)+Q58 -> 7 | T58: =SUM(ROUND(R58,0),ROUND(S58,0)) -> 17 | U58: =C58 -> ghost | V58: fire | W58: rock | X58: grass | Z58: =IF(ISBLANK(Y58), "", ROUND(( (T60-6)*(T60-7) - (T58-6)*(T58-7) )/15, 0) + 1) | AA58: =B58 -> Mismagius | AC58: Mystical Fire | AD58: =VLOOKUP(AC58,moves!A:B,2,FALSE) -> fire | AE58: =VLOOKUP(AC58,moves!A:D,4,FALSE) -> 3 | AF58: =VLOOKUP(AC58,moves!A:F,5,FALSE) -> 0 | AG58: 0 | AH58: 0 | AI58: {=_xlfn.IFS(AG58=1, "starter", AH58=1, "legendary",T58< 13, "weak",T58< 17, "moderate", TRUE, "strong")} -> strong | AK58: 2 | AL58: 0 | AM58: 0
A59: 429-a | B59: Shade Witch | C59: ghost | D59: psychic | E59: 60 | F59: 60 | G59: 60 | H59: 105 | I59: 105 | J59: 105 | K59: Alpha Pokémon | M59: Alpha | N59: =(0.4*J59 + 0.5*MAX(F59,H59) + 0.1*MIN(F59,H59)) / 10 -> 10.05 | O59: =(0.4*E59 + 0.3*G59 + 0.3*I59) / 10 -> 7.35 | P59: 1 | Q59: 3 | R59: =ROUND(N59,0)+P59 -> 11 | S59: =ROUND(O59,0)+Q59 -> 10 | T59: =SUM(ROUND(R59,0),ROUND(S59,0)) -> 21 | U59: =C59 -> ghost | V59: =IF(D59 = 0, "", D59) -> psychic | W59: rock | X59: grass | Z59: =IF(ISBLANK(Y59), "", ROUND(( (T61-6)*(T61-7) - (T59-6)*(T59-7) )/15, 0) + 1) | AA59: Mismagius | AB59: Alpha Mismagius | AC59: Mystical Spell | AD59: =VLOOKUP(AC59,moves!A:B,2,FALSE) -> psychic | AE59: =VLOOKUP(AC59,moves!A:D,4,FALSE) -> 3 | AF59: =VLOOKUP(AC59,moves!A:F,5,FALSE) -> 0 | AG59: 0 | AH59: 1 | AI59: {=_xlfn.IFS(AG59=1, "starter", AH59=1, "legendary",T59< 13, "weak",T59< 17, "moderate", TRUE, "strong")} -> legendary | AK59: 1 | AL59: 0 | AM59: 0
A60: 198 | B60: Murkrow | C60: dark | D60: flying | E60: 60 | F60: 85 | G60: 42 | H60: 85 | I60: 42 | J60: 91 | K60: Darkness Pokémon | L60: Forest | M60: Cold | N60: =(0.4*J60 + 0.5*MAX(F60,H60) + 0.1*MIN(F60,H60)) / 10 -> 8.74 | O60: =(0.4*E60 + 0.3*G60 + 0.3*I60) / 10 -> 4.92 | P60: 0 | Q60: 0 | R60: =ROUND(N60,0)+P60 -> 9 | S60: =ROUND(O60,0)+Q60 -> 5 | T60: =SUM(ROUND(R60,0),ROUND(S60,0)) -> 14 | U60: =C60 -> dark | V60: =IF(D60 = 0, "", D60) -> flying | W60: fighting | X60: ghost | Y60: =B61 -> Honchkrow | Z60: =IF(ISBLANK(Y60), "", ROUND(( (T61-6)*(T61-7) - (T60-6)*(T60-7) )/15, 0) + 1) -> 5 | AA60: =B60 -> Murkrow | AC60: Wing Attack | AD60: =VLOOKUP(AC60,moves!A:B,2,FALSE) -> flying | AE60: =VLOOKUP(AC60,moves!A:D,4,FALSE) -> 3 | AF60: =VLOOKUP(AC60,moves!A:F,5,FALSE) -> 0 | AG60: 0 | AH60: 0 | AI60: {=_xlfn.IFS(AG60=1, "starter", AH60=1, "legendary",T60< 13, "weak",T60< 17, "moderate", TRUE, "strong")} -> moderate | AK60: 1 | AL60: 0 | AM60: 0
A61: 430 | B61: Honchkrow | C61: dark | D61: flying | E61: 100 | F61: 125 | G61: 52 | H61: 105 | I61: 52 | J61: 71 | K61: Big Boss Pokémon | L61: Forest | M61: Cold | N61: =(0.4*J61 + 0.5*MAX(F61,H61) + 0.1*MIN(F61,H61)) / 10 -> 10.14 | O61: =(0.4*E61 + 0.3*G61 + 0.3*I61) / 10 -> 7.12 | P61: 0 | Q61: 0 | R61: =ROUND(N61,0)+P61 -> 10 | S61: =ROUND(O61,0)+Q61 -> 7 | T61: =SUM(ROUND(R61,0),ROUND(S61,0)) -> 17 | U61: =C61 -> dark | V61: =IF(D61 = 0, "", D61) -> flying | W61: fighting | X61: ghost | Z61: =IF(ISBLANK(Y61), "", ROUND(( (T62-6)*(T62-7) - (T61-6)*(T61-7) )/15, 0) + 1) | AA61: =B61 -> Honchkrow | AC61: Night Slash | AD61: =VLOOKUP(AC61,moves!A:B,2,FALSE) -> dark | AE61: =VLOOKUP(AC61,moves!A:D,4,FALSE) -> 4 | AF61: =VLOOKUP(AC61,moves!A:F,5,FALSE) -> 0 | AG61: 0 | AH61: 0 | AI61: {=_xlfn.IFS(AG61=1, "starter", AH61=1, "legendary",T61< 13, "weak",T61< 17, "moderate", TRUE, "strong")} -> strong | AK61: 2 | AL61: 0 | AM61: 0
A62: 431 | B62: Glameow | C62: normal | E62: 49 | F62: 55 | G62: 42 | H62: 42 | I62: 37 | J62: 85 | K62: Catty Pokémon | L62: Plains | M62: Warm | N62: =(0.4*J62 + 0.5*MAX(F62,H62) + 0.1*MIN(F62,H62)) / 10 -> 6.57 | O62: =(0.4*E62 + 0.3*G62 + 0.3*I62) / 10 -> 4.33 | P62: 0 | Q62: 0 | R62: =ROUND(N62,0)+P62 -> 7 | S62: =ROUND(O62,0)+Q62 -> 4 | T62: =SUM(ROUND(R62,0),ROUND(S62,0)) -> 11 | U62: =C62 -> normal | V62: fairy | W62: dark | X62: electric | Y62: =B63 -> Purugly | Z62: =IF(ISBLANK(Y62), "", ROUND(( (T63-6)*(T63-7) - (T62-6)*(T62-7) )/15, 0) + 1) -> 6 | AA62: =B62 -> Glameow | AC62: Play Rough | AD62: =VLOOKUP(AC62,moves!A:B,2,FALSE) -> fairy | AE62: =VLOOKUP(AC62,moves!A:D,4,FALSE) -> 3 | AF62: =VLOOKUP(AC62,moves!A:F,5,FALSE) -> 0 | AG62: 0 | AH62: 0 | AI62: {=_xlfn.IFS(AG62=1, "starter", AH62=1, "legendary",T62< 13, "weak",T62< 17, "moderate", TRUE, "strong")} -> weak | AK62: 1 | AL62: 0 | AM62: 0
A63: 432 | B63: Purugly | C63: normal | E63: 71 | F63: 82 | G63: 64 | H63: 64 | I63: 59 | J63: 112 | K63: Tiger Cat Pokémon | L63: Plains | M63: Warm | N63: =(0.4*J63 + 0.5*MAX(F63,H63) + 0.1*MIN(F63,H63)) / 10 -> 9.22 | O63: =(0.4*E63 + 0.3*G63 + 0.3*I63) / 10 -> 6.53 | P63: 0 | Q63: 0 | R63: =ROUND(N63,0)+P63 -> 9 | S63: =ROUND(O63,0)+Q63 -> 7 | T63: =SUM(ROUND(R63,0),ROUND(S63,0)) -> 16 | U63: =C63 -> normal | V63: fairy | W63: dark | X63: electric | Z63: =IF(ISBLANK(Y63), "", ROUND(( (T64-6)*(T64-7) - (T63-6)*(T63-7) )/15, 0) + 1) | AA63: =B63 -> Purugly | AC63: Slash | AD63: =VLOOKUP(AC63,moves!A:B,2,FALSE) -> normal | AE63: =VLOOKUP(AC63,moves!A:D,4,FALSE) -> 4 | AF63: =VLOOKUP(AC63,moves!A:F,5,FALSE) -> 0 | AG63: 0 | AH63: 0 | AI63: {=_xlfn.IFS(AG63=1, "starter", AH63=1, "legendary",T63< 13, "weak",T63< 17, "moderate", TRUE, "strong")} -> moderate | AK63: 2 | AL63: 0 | AM63: 0
A64: 433 | B64: Chingling | C64: psychic | E64: 45 | F64: 30 | G64: 50 | H64: 65 | I64: 50 | J64: 45 | K64: Bell Pokémon | L64: Mountain | M64: Warm | N64: =(0.4*J64 + 0.5*MAX(F64,H64) + 0.1*MIN(F64,H64)) / 10 -> 5.35 | O64: =(0.4*E64 + 0.3*G64 + 0.3*I64) / 10 -> 4.8 | P64: 0 | Q64: 0 | R64: =ROUND(N64,0)+P64 -> 5 | S64: =ROUND(O64,0)+Q64 -> 5 | T64: =SUM(ROUND(R64,0),ROUND(S64,0)) -> 10 | U64: =C64 -> psychic | V64: normal | W64: electric | X64: ghost | Y64: =B65 -> Chimecho | Z64: =IF(ISBLANK(Y64), "", ROUND(( (T65-6)*(T65-7) - (T64-6)*(T64-7) )/15, 0) + 1) -> 6 | AA64: =B64 -> Chingling | AC64: Confusion | AD64: =VLOOKUP(AC64,moves!A:B,2,FALSE) -> psychic | AE64: =VLOOKUP(AC64,moves!A:D,4,FALSE) -> 2 | AF64: =VLOOKUP(AC64,moves!A:F,5,FALSE) -> 0 | AG64: 0 | AH64: 0 | AI64: {=_xlfn.IFS(AG64=1, "starter", AH64=1, "legendary",T64< 13, "weak",T64< 17, "moderate", TRUE, "strong")} -> weak | AK64: 1 | AL64: 0 | AM64: 0
A65: 358 | B65: Chimecho | C65: psychic | E65: 75 | F65: 50 | G65: 80 | H65: 95 | I65: 90 | J65: 65 | K65: Wind Chime Pokémon | L65: Mountain | M65: Warm | N65: =(0.4*J65 + 0.5*MAX(F65,H65) + 0.1*MIN(F65,H65)) / 10 -> 7.85 | O65: =(0.4*E65 + 0.3*G65 + 0.3*I65) / 10 -> 8.1 | P65: 0 | Q65: 0 | R65: =ROUND(N65,0)+P65 -> 8 | S65: =ROUND(O65,0)+Q65 -> 8 | T65: =SUM(ROUND(R65,0),ROUND(S65,0)) -> 16 | U65: =C65 -> psychic | V65: normal | W65: electric | X65: ghost | Z65: =IF(ISBLANK(Y65), "", ROUND(( (T66-6)*(T66-7) - (T65-6)*(T65-7) )/15, 0) + 1) | AA65: =B65 -> Chimecho | AC65: Heal Bell | AD65: =VLOOKUP(AC65,moves!A:B,2,FALSE) -> normal | AE65: =VLOOKUP(AC65,moves!A:D,4,FALSE) -> 3 | AF65: =VLOOKUP(AC65,moves!A:F,5,FALSE) -> 0 | AG65: 0 | AH65: 0 | AI65: {=_xlfn.IFS(AG65=1, "starter", AH65=1, "legendary",T65< 13, "weak",T65< 17, "moderate", TRUE, "strong")} -> moderate | AK65: 2 | AL65: 0 | AM65: 0
A66: 434 | B66: Stunky | C66: poison | D66: dark | E66: 63 | F66: 63 | G66: 47 | H66: 41 | I66: 41 | J66: 74 | K66: Skunk Pokémon | L66: Plains | M66: Warm | N66: =(0.4*J66 + 0.5*MAX(F66,H66) + 0.1*MIN(F66,H66)) / 10 -> 6.52 | O66: =(0.4*E66 + 0.3*G66 + 0.3*I66) / 10 -> 5.16 | P66: 0 | Q66: 0 | R66: =ROUND(N66,0)+P66 -> 7 | S66: =ROUND(O66,0)+Q66 -> 5 | T66: =SUM(ROUND(R66,0),ROUND(S66,0)) -> 12 | U66: =C66 -> poison | V66: =IF(D66 = 0, "", D66) -> dark | W66: fire | X66: normal | Y66: =B67 -> Skuntank | Z66: =IF(ISBLANK(Y66), "", ROUND(( (T67-6)*(T67-7) - (T66-6)*(T66-7) )/15, 0) + 1) -> 6 | AA66: =B66 -> Stunky | AC66: Poison Gas | AD66: =VLOOKUP(AC66,moves!A:B,2,FALSE) -> poison | AE66: =VLOOKUP(AC66,moves!A:D,4,FALSE) -> 1 | AF66: =VLOOKUP(AC66,moves!A:F,5,FALSE) -> 0 | AG66: 0 | AH66: 0 | AI66: {=_xlfn.IFS(AG66=1, "starter", AH66=1, "legendary",T66< 13, "weak",T66< 17, "moderate", TRUE, "strong")} -> weak | AK66: 1 | AL66: 0 | AM66: 0
A67: 435 | B67: Skuntank | C67: poison | D67: dark | E67: 103 | F67: 93 | G67: 67 | H67: 71 | I67: 61 | J67: 84 | K67: Skunk Pokémon | L67: Plains | M67: Warm | N67: =(0.4*J67 + 0.5*MAX(F67,H67) + 0.1*MIN(F67,H67)) / 10 -> 8.72 | O67: =(0.4*E67 + 0.3*G67 + 0.3*I67) / 10 -> 7.96 | P67: 0 | Q67: 0 | R67: =ROUND(N67,0)+P67 -> 9 | S67: =ROUND(O67,0)+Q67 -> 8 | T67: =SUM(ROUND(R67,0),ROUND(S67,0)) -> 17 | U67: =C67 -> poison | V67: =IF(D67 = 0, "", D67) -> dark | W67: fire | X67: normal | Z67: =IF(ISBLANK(Y67), "", ROUND(( (T68-6)*(T68-7) - (T67-6)*(T67-7) )/15, 0) + 1) | AA67: =B67 -> Skuntank | AC67: Night Slash | AD67: =VLOOKUP(AC67,moves!A:B,2,FALSE) -> dark | AE67: =VLOOKUP(AC67,moves!A:D,4,FALSE) -> 4 | AF67: =VLOOKUP(AC67,moves!A:F,5,FALSE) -> 0 | AG67: 0 | AH67: 0 | AI67: {=_xlfn.IFS(AG67=1, "starter", AH67=1, "legendary",T67< 13, "weak",T67< 17, "moderate", TRUE, "strong")} -> strong | AK67: 2 | AL67: 0 | AM67: 0
A68: 436 | B68: Bronzor | C68: steel | D68: psychic | E68: 57 | F68: 24 | G68: 86 | H68: 24 | I68: 86 | J68: 23 | K68: Bronze Pokémon | M68: Space | N68: =(0.4*J68 + 0.5*MAX(F68,H68) + 0.1*MIN(F68,H68)) / 10 -> 2.36 | O68: =(0.4*E68 + 0.3*G68 + 0.3*I68) / 10 -> 7.44 | P68: 0 | Q68: 0 | R68: =ROUND(N68,0)+P68 -> 2 | S68: =ROUND(O68,0)+Q68 -> 7 | T68: =SUM(ROUND(R68,0),ROUND(S68,0)) -> 9 | U68: =C68 -> steel | V68: =IF(D68 = 0, "", D68) -> psychic | W68: normal | X68: ground | Y68: =B69 -> Bronzong | Z68: =IF(ISBLANK(Y68), "", ROUND(( (T69-6)*(T69-7) - (T68-6)*(T68-7) )/15, 0) + 1) -> 8 | AA68: =B68 -> Bronzor | AC68: Confusion | AD68: =VLOOKUP(AC68,moves!A:B,2,FALSE) -> psychic | AE68: =VLOOKUP(AC68,moves!A:D,4,FALSE) -> 2 | AF68: =VLOOKUP(AC68,moves!A:F,5,FALSE) -> 0 | AG68: 0 | AH68: 0 | AI68: {=_xlfn.IFS(AG68=1, "starter", AH68=1, "legendary",T68< 13, "weak",T68< 17, "moderate", TRUE, "strong")} -> weak | AK68: 1 | AL68: 0 | AM68: 0
A69: 437 | B69: Bronzong | C69: steel | D69: psychic | E69: 67 | F69: 89 | G69: 116 | H69: 79 | I69: 116 | J69: 33 | K69: Bronze Bell Pokémon | M69: Space | N69: =(0.4*J69 + 0.5*MAX(F69,H69) + 0.1*MIN(F69,H69)) / 10 -> 6.56 | O69: =(0.4*E69 + 0.3*G69 + 0.3*I69) / 10 -> 9.64 | P69: 0 | Q69: 0 | R69: =ROUND(N69,0)+P69 -> 7 | S69: =ROUND(O69,0)+Q69 -> 10 | T69: =SUM(ROUND(R69,0),ROUND(S69,0)) -> 17 | U69: =C69 -> steel | V69: =IF(D69 = 0, "", D69) -> psychic | W69: normal | X69: ground | Z69: =IF(ISBLANK(Y69), "", ROUND(( (T70-6)*(T70-7) - (T69-6)*(T69-7) )/15, 0) + 1) | AA69: =B69 -> Bronzong | AC69: Heavy Slam | AD69: =VLOOKUP(AC69,moves!A:B,2,FALSE) -> steel | AE69: =VLOOKUP(AC69,moves!A:D,4,FALSE) -> ? | AF69: =VLOOKUP(AC69,moves!A:F,5,FALSE) -> 0 | AG69: 0 | AH69: 0 | AI69: {=_xlfn.IFS(AG69=1, "starter", AH69=1, "legendary",T69< 13, "weak",T69< 17, "moderate", TRUE, "strong")} -> strong | AK69: 2 | AL69: 0 | AM69: 0
A70: 438 | B70: Bonsly | C70: rock | E70: 50 | F70: 80 | G70: 95 | H70: 10 | I70: 45 | J70: 10 | K70: Bonsai Pokémon | L70: Forest | M70: Warm | N70: =(0.4*J70 + 0.5*MAX(F70,H70) + 0.1*MIN(F70,H70)) / 10 -> 4.5 | O70: =(0.4*E70 + 0.3*G70 + 0.3*I70) / 10 -> 6.2 | P70: 0 | Q70: 0 | R70: =ROUND(N70,0)+P70 -> 5 | S70: =ROUND(O70,0)+Q70 -> 6 | T70: =SUM(ROUND(R70,0),ROUND(S70,0)) -> 11 | U70: =C70 -> rock | V70: normal | W70: fighting | X70: grass | Y70: =B71 -> Sudowoodo | Z70: =IF(ISBLANK(Y70), "", ROUND(( (T71-6)*(T71-7) - (T70-6)*(T70-7) )/15, 0) + 1) -> 4 | AA70: =B70 -> Bonsly | AC70: Mimic | AD70: =VLOOKUP(AC70,moves!A:B,2,FALSE) -> typeless | AE70: =VLOOKUP(AC70,moves!A:D,4,FALSE) -> ? | AF70: =VLOOKUP(AC70,moves!A:F,5,FALSE) -> 0 | AG70: 0 | AH70: 0 | AI70: {=_xlfn.IFS(AG70=1, "starter", AH70=1, "legendary",T70< 13, "weak",T70< 17, "moderate", TRUE, "strong")} -> weak | AK70: 1 | AL70: 0 | AM70: 0
A71: 185 | B71: Sudowoodo | C71: rock | E71: 70 | F71: 100 | G71: 115 | H71: 30 | I71: 65 | J71: 30 | K71: Imitation Pokémon | L71: Forest | M71: Warm | N71: =(0.4*J71 + 0.5*MAX(F71,H71) + 0.1*MIN(F71,H71)) / 10 -> 6.5 | O71: =(0.4*E71 + 0.3*G71 + 0.3*I71) / 10 -> 8.2 | P71: 0 | Q71: 0 | R71: =ROUND(N71,0)+P71 -> 7 | S71: =ROUND(O71,0)+Q71 -> 8 | T71: =SUM(ROUND(R71,0),ROUND(S71,0)) -> 15 | U71: =C71 -> rock | V71: normal | W71: fighting | X71: grass | Z71: =IF(ISBLANK(Y71), "", ROUND(( (T72-6)*(T72-7) - (T71-6)*(T71-7) )/15, 0) + 1) | AA71: =B71 -> Sudowoodo | AC71: Stone Edge | AD71: =VLOOKUP(AC71,moves!A:B,2,FALSE) -> rock | AE71: =VLOOKUP(AC71,moves!A:D,4,FALSE) -> 5 | AF71: =VLOOKUP(AC71,moves!A:F,5,FALSE) -> 0 | AG71: 0 | AH71: 0 | AI71: {=_xlfn.IFS(AG71=1, "starter", AH71=1, "legendary",T71< 13, "weak",T71< 17, "moderate", TRUE, "strong")} -> moderate | AK71: 2 | AL71: 0 | AM71: 0
A72: 439 | B72: Mime Jr. | C72: psychic | D72: fairy | E72: 20 | F72: 25 | G72: 45 | H72: 70 | I72: 90 | J72: 60 | K72: Mime Pokémon | L72: Plains | M72: Cold | N72: =(0.4*J72 + 0.5*MAX(F72,H72) + 0.1*MIN(F72,H72)) / 10 -> 6.15 | O72: =(0.4*E72 + 0.3*G72 + 0.3*I72) / 10 -> 4.85 | P72: 0 | Q72: 0 | R72: =ROUND(N72,0)+P72 -> 6 | S72: =ROUND(O72,0)+Q72 -> 5 | T72: =SUM(ROUND(R72,0),ROUND(S72,0)) -> 11 | U72: =C72 -> psychic | V72: =IF(D72 = 0, "", D72) -> fairy | W72: normal | X72: ice | Y72: =B73 -> Mr. Mime | Z72: =IF(ISBLANK(Y72), "", ROUND(( (T73-6)*(T73-7) - (T72-6)*(T72-7) )/15, 0) + 1) -> 6 | AA72: =B72 -> Mime Jr. | AC72: Mimic | AD72: =VLOOKUP(AC72,moves!A:B,2,FALSE) -> typeless | AE72: =VLOOKUP(AC72,moves!A:D,4,FALSE) -> ? | AF72: =VLOOKUP(AC72,moves!A:F,5,FALSE) -> 0 | AG72: 0 | AH72: 0 | AI72: {=_xlfn.IFS(AG72=1, "starter", AH72=1, "legendary",T72< 13, "weak",T72< 17, "moderate", TRUE, "strong")} -> weak | AK72: 1 | AL72: 0 | AM72: 0
A73: 122 | B73: Mr. Mime | C73: psychic | D73: fairy | E73: 40 | F73: 45 | G73: 65 | H73: 100 | I73: 120 | J73: 90 | K73: Barrier Pokémon | L73: Plains | M73: Cold | N73: =(0.4*J73 + 0.5*MAX(F73,H73) + 0.1*MIN(F73,H73)) / 10 -> 9.05 | O73: =(0.4*E73 + 0.3*G73 + 0.3*I73) / 10 -> 7.15 | P73: 0 | Q73: 0 | R73: =ROUND(N73,0)+P73 -> 9 | S73: =ROUND(O73,0)+Q73 -> 7 | T73: =SUM(ROUND(R73,0),ROUND(S73,0)) -> 16 | U73: =C73 -> psychic | V73: =IF(D73 = 0, "", D73) -> fairy | W73: normal | X73: ice | Z73: =IF(ISBLANK(Y73), "", ROUND(( (T74-6)*(T74-7) - (T73-6)*(T73-7) )/15, 0) + 1) | AA73: =B73 -> Mr. Mime | AC73: Barrier | AD73: =VLOOKUP(AC73,moves!A:B,2,FALSE) -> psychic | AE73: =VLOOKUP(AC73,moves!A:D,4,FALSE) -> 3 | AF73: =VLOOKUP(AC73,moves!A:F,5,FALSE) -> 0 | AG73: 0 | AH73: 0 | AI73: {=_xlfn.IFS(AG73=1, "starter", AH73=1, "legendary",T73< 13, "weak",T73< 17, "moderate", TRUE, "strong")} -> moderate | AK73: 2 | AL73: 0 | AM73: 0
A74: 440 | B74: Happiny | C74: normal | E74: 100 | F74: 5 | G74: 5 | H74: 15 | I74: 65 | J74: 30 | K74: Playhouse Pokémon | L74: Forest | M74: Warm | N74: =(0.4*J74 + 0.5*MAX(F74,H74) + 0.1*MIN(F74,H74)) / 10 -> 2 | O74: =(0.4*E74 + 0.3*G74 + 0.3*I74) / 10 -> 6.1 | P74: 0 | Q74: 0 | R74: =ROUND(N74,0)+P74 -> 2 | S74: =ROUND(O74,0)+Q74 -> 6 | T74: =SUM(ROUND(R74,0),ROUND(S74,0)) -> 8 | U74: =C74 -> normal | V74: fairy | W74: poison | X74: psychic | Y74: =B75 -> Chansey | Z74: =IF(ISBLANK(Y74), "", ROUND(( (T75-6)*(T75-7) - (T74-6)*(T74-7) )/15, 0) + 1) -> 6 | AA74: =B74 -> Happiny | AC74: Sweet Kiss | AD74: =VLOOKUP(AC74,moves!A:B,2,FALSE) -> fairy | AE74: =VLOOKUP(AC74,moves!A:D,4,FALSE) -> 1 | AF74: =VLOOKUP(AC74,moves!A:F,5,FALSE) -> agile | AG74: 0 | AH74: 0 | AI74: {=_xlfn.IFS(AG74=1, "starter", AH74=1, "legendary",T74< 13, "weak",T74< 17, "moderate", TRUE, "strong")} -> weak | AK74: 1 | AL74: 0 | AM74: 0
A75: 113 | B75: Chansey | C75: normal | E75: 250 | F75: 5 | G75: 5 | H75: 35 | I75: 105 | J75: 50 | K75: Egg Pokémon | L75: Forest | M75: Warm | N75: =(0.4*J75 + 0.5*MAX(F75,H75) + 0.1*MIN(F75,H75)) / 10 -> 3.8 | O75: =(0.4*E75 + 0.3*G75 + 0.3*I75) / 10 -> 13.3 | P75: 0 | Q75: -2 | R75: =ROUND(N75,0)+P75 -> 4 | S75: =ROUND(O75,0)+Q75 -> 11 | T75: =SUM(ROUND(R75,0),ROUND(S75,0)) -> 15 | U75: =C75 -> normal | V75: fairy | W75: poison | X75: psychic | Y75: =B76 -> Blissey | Z75: =IF(ISBLANK(Y75), "", ROUND(( (T76-6)*(T76-7) - (T75-6)*(T75-7) )/15, 0) + 1) -> 8 | AA75: =B75 -> Chansey | AC75: Soft-Boiled | AD75: =VLOOKUP(AC75,moves!A:B,2,FALSE) -> normal | AE75: =VLOOKUP(AC75,moves!A:D,4,FALSE) -> 1 | AF75: =VLOOKUP(AC75,moves!A:F,5,FALSE) -> decisive | AG75: 0 | AH75: 0 | AI75: {=_xlfn.IFS(AG75=1, "starter", AH75=1, "legendary",T75< 13, "weak",T75< 17, "moderate", TRUE, "strong")} -> moderate | AK75: 2 | AL75: 0 | AM75: 0
A76: 242 | B76: Blissey | C76: normal | E76: 255 | F76: 10 | G76: 10 | H76: 75 | I76: 135 | J76: 55 | K76: Happiness Pokémon | L76: Forest | M76: Warm | N76: =(0.4*J76 + 0.5*MAX(F76,H76) + 0.1*MIN(F76,H76)) / 10 -> 6.05 | O76: =(0.4*E76 + 0.3*G76 + 0.3*I76) / 10 -> 14.55 | P76: 0 | Q76: -1 | R76: =ROUND(N76,0)+P76 -> 6 | S76: =ROUND(O76,0)+Q76 -> 14 | T76: =SUM(ROUND(R76,0),ROUND(S76,0)) -> 20 | U76: =C76 -> normal | V76: fairy | W76: poison | X76: psychic | Z76: =IF(ISBLANK(Y76), "", ROUND(( (T77-6)*(T77-7) - (T76-6)*(T76-7) )/15, 0) + 1) | AA76: =B76 -> Blissey | AC76: Double-Edge | AD76: =VLOOKUP(AC76,moves!A:B,2,FALSE) -> normal | AE76: =VLOOKUP(AC76,moves!A:D,4,FALSE) -> 5 | AF76: =VLOOKUP(AC76,moves!A:F,5,FALSE) -> 0 | AG76: 0 | AH76: 0 | AI76: {=_xlfn.IFS(AG76=1, "starter", AH76=1, "legendary",T76< 13, "weak",T76< 17, "moderate", TRUE, "strong")} -> strong | AK76: 3 | AL76: 0 | AM76: 0
A77: 441 | B77: Chatot | C77: normal | D77: flying | E77: 76 | F77: 65 | G77: 45 | H77: 92 | I77: 42 | J77: 91 | K77: Music Note Pokémon | L77: Plains | M77: Warm | N77: =(0.4*J77 + 0.5*MAX(F77,H77) + 0.1*MIN(F77,H77)) / 10 -> 8.89 | O77: =(0.4*E77 + 0.3*G77 + 0.3*I77) / 10 -> 5.65 | P77: 0 | Q77: 0 | R77: =ROUND(N77,0)+P77 -> 9 | S77: =ROUND(O77,0)+Q77 -> 6 | T77: =SUM(ROUND(R77,0),ROUND(S77,0)) -> 15 | U77: =C77 -> normal | V77: =IF(D77 = 0, "", D77) -> flying | W77: fire | X77: bug | Z77: =IF(ISBLANK(Y77), "", ROUND(( (T78-6)*(T78-7) - (T77-6)*(T77-7) )/15, 0) + 1) | AA77: =B77 -> Chatot | AC77: Chatter | AD77: =VLOOKUP(AC77,moves!A:B,2,FALSE) -> flying | AE77: =VLOOKUP(AC77,moves!A:D,4,FALSE) -> 3 | AF77: =VLOOKUP(AC77,moves!A:F,5,FALSE) -> 0 | AG77: 0 | AH77: 0 | AI77: {=_xlfn.IFS(AG77=1, "starter", AH77=1, "legendary",T77< 13, "weak",T77< 17, "moderate", TRUE, "strong")} -> moderate | AK77: 1 | AL77: 0 | AM77: 0
A78: 442 | B78: Spiritomb | C78: ghost | D78: dark | E78: 50 | F78: 92 | G78: 108 | H78: 92 | I78: 108 | J78: 35 | K78: Forbidden Pokémon | L78: Plains | M78: Temperate | N78: =(0.4*J78 + 0.5*MAX(F78,H78) + 0.1*MIN(F78,H78)) / 10 -> 6.92 | O78: =(0.4*E78 + 0.3*G78 + 0.3*I78) / 10 -> 8.48 | P78: 1 | Q78: 4 | R78: =ROUND(N78,0)+P78 -> 8 | S78: =ROUND(O78,0)+Q78 -> 12 | T78: =SUM(ROUND(R78,0),ROUND(S78,0)) -> 20 | U78: =C78 -> ghost | V78: =IF(D78 = 0, "", D78) -> dark | W78: fire | X78: psychic | Z78: =IF(ISBLANK(Y78), "", ROUND(( (T79-6)*(T79-7) - (T78-6)*(T78-7) )/15, 0) + 1) | AA78: =B78 -> Spiritomb | AC78: Soul Siphon | AD78: =VLOOKUP(AC78,moves!A:B,2,FALSE) -> dark | AE78: =VLOOKUP(AC78,moves!A:D,4,FALSE) -> 5 | AF78: =VLOOKUP(AC78,moves!A:F,5,FALSE) -> trap | AG78: 0 | AH78: 1 | AI78: {=_xlfn.IFS(AG78=1, "starter", AH78=1, "legendary",T78< 13, "weak",T78< 17, "moderate", TRUE, "strong")} -> legendary | AK78: 1 | AL78: 0 | AM78: 0
A79: 443 | B79: Gible | C79: dragon | D79: ground | E79: 58 | F79: 70 | G79: 45 | H79: 40 | I79: 45 | J79: 42 | K79: Land Shark Pokémon | L79: Mountain | M79: Temperate | N79: =(0.4*J79 + 0.5*MAX(F79,H79) + 0.1*MIN(F79,H79)) / 10 -> 5.58 | O79: =(0.4*E79 + 0.3*G79 + 0.3*I79) / 10 -> 5.02 | P79: 0 | Q79: 0 | R79: =ROUND(N79,0)+P79 -> 6 | S79: =ROUND(O79,0)+Q79 -> 5 | T79: =SUM(ROUND(R79,0),ROUND(S79,0)) -> 11 | U79: =C79 -> dragon | V79: =IF(D79 = 0, "", D79) -> ground | W79: dark | X79: fire | Y79: =B80 -> Gabite | Z79: =IF(ISBLANK(Y79), "", ROUND(( (T80-6)*(T80-7) - (T79-6)*(T79-7) )/15, 0) + 1) -> 3 | AA79: =B79 -> Gible | AC79: Bite | AD79: =VLOOKUP(AC79,moves!A:B,2,FALSE) -> dark | AE79: =VLOOKUP(AC79,moves!A:D,4,FALSE) -> 3 | AF79: =VLOOKUP(AC79,moves!A:F,5,FALSE) -> 0 | AG79: 0 | AH79: 0 | AI79: {=_xlfn.IFS(AG79=1, "starter", AH79=1, "legendary",T79< 13, "weak",T79< 17, "moderate", TRUE, "strong")} -> weak | AK79: 1 | AL79: 0 | AM79: 0
A80: 444 | B80: Gabite | C80: dragon | D80: ground | E80: 68 | F80: 90 | G80: 65 | H80: 50 | I80: 55 | J80: 82 | K80: Cave Pokémon | L80: Mountain | M80: Temperate | N80: =(0.4*J80 + 0.5*MAX(F80,H80) + 0.1*MIN(F80,H80)) / 10 -> 8.28 | O80: =(0.4*E80 + 0.3*G80 + 0.3*I80) / 10 -> 6.32 | P80: 0 | Q80: 0 | R80: =ROUND(N80,0)+P80 -> 8 | S80: =ROUND(O80,0)+Q80 -> 6 | T80: =SUM(ROUND(R80,0),ROUND(S80,0)) -> 14 | U80: =C80 -> dragon | V80: =IF(D80 = 0, "", D80) -> ground | W80: dark | X80: fire | Y80: =B81 -> Garchomp | Z80: =IF(ISBLANK(Y80), "", ROUND(( (T81-6)*(T81-7) - (T80-6)*(T80-7) )/15, 0) + 1) -> 9 | AA80: =B80 -> Gabite | AC80: Bulldoze | AD80: =VLOOKUP(AC80,moves!A:B,2,FALSE) -> ground | AE80: =VLOOKUP(AC80,moves!A:D,4,FALSE) -> 3 | AF80: =VLOOKUP(AC80,moves!A:F,5,FALSE) -> 0 | AG80: 0 | AH80: 0 | AI80: {=_xlfn.IFS(AG80=1, "starter", AH80=1, "legendary",T80< 13, "weak",T80< 17, "moderate", TRUE, "strong")} -> moderate | AK80: 2 | AL80: 0 | AM80: 0
A81: 445 | B81: Garchomp | C81: dragon | D81: ground | E81: 108 | F81: 130 | G81: 95 | H81: 80 | I81: 85 | J81: 102 | K81: Mach Pokémon | L81: Mountain | M81: Temperate | N81: =(0.4*J81 + 0.5*MAX(F81,H81) + 0.1*MIN(F81,H81)) / 10 -> 11.38 | O81: =(0.4*E81 + 0.3*G81 + 0.3*I81) / 10 -> 9.72 | P81: 0 | Q81: -1 | R81: =ROUND(N81,0)+P81 -> 11 | S81: =ROUND(O81,0)+Q81 -> 9 | T81: =SUM(ROUND(R81,0),ROUND(S81,0)) -> 20 | U81: =C81 -> dragon | V81: =IF(D81 = 0, "", D81) -> ground | W81: dark | X81: fire | Z81: =IF(ISBLANK(Y81), "", ROUND(( (T83-6)*(T83-7) - (T81-6)*(T81-7) )/15, 0) + 1) | AA81: =B81 -> Garchomp | AC81: Dragon Rush | AD81: =VLOOKUP(AC81,moves!A:B,2,FALSE) -> dragon | AE81: =VLOOKUP(AC81,moves!A:D,4,FALSE) -> 5 | AF81: =VLOOKUP(AC81,moves!A:F,5,FALSE) -> 0 | AG81: 0 | AH81: 0 | AI81: {=_xlfn.IFS(AG81=1, "starter", AH81=1, "legendary",T81< 13, "weak",T81< 17, "moderate", TRUE, "strong")} -> strong | AK81: 3 | AL81: 0 | AM81: 0
A82: 445-a | B82: Dune Shark | C82: ground | D82: water | E82: 108 | F82: 130 | G82: 95 | H82: 80 | I82: 85 | J82: 102 | K82: Alpha Pokémon | M82: Alpha | N82: =(0.4*J82 + 0.5*MAX(F82,H82) + 0.1*MIN(F82,H82)) / 10 -> 11.38 | O82: =(0.4*E82 + 0.3*G82 + 0.3*I82) / 10 -> 9.72 | P82: 1 | Q82: -1 | R82: =ROUND(N82,0)+P82 -> 12 | S82: =ROUND(O82,0)+Q82 -> 9 | T82: =SUM(ROUND(R82,0),ROUND(S82,0)) -> 21 | U82: =C82 -> ground | V82: =IF(D82 = 0, "", D82) -> water | W82: dark | X82: fire | Z82: =IF(ISBLANK(Y82), "", ROUND(( (T84-6)*(T84-7) - (T82-6)*(T82-7) )/15, 0) + 1) | AA82: Garchomp | AB82: Alpha Garchomp | AC82: Sediment Rush | AD82: =VLOOKUP(AC82,moves!A:B,2,FALSE) -> water | AE82: =VLOOKUP(AC82,moves!A:D,4,FALSE) -> 5 | AF82: =VLOOKUP(AC82,moves!A:F,5,FALSE) -> 0 | AG82: 0 | AH82: 1 | AI82: {=_xlfn.IFS(AG82=1, "starter", AH82=1, "legendary",T82< 13, "weak",T82< 17, "moderate", TRUE, "strong")} -> legendary | AK82: 1 | AL82: 0 | AM82: 0
A83: 446 | B83: Munchlax | C83: normal | E83: 135 | F83: 85 | G83: 40 | H83: 40 | I83: 85 | J83: 5 | K83: Big Eater Pokémon | L83: Mountain | M83: Temperate | N83: =(0.4*J83 + 0.5*MAX(F83,H83) + 0.1*MIN(F83,H83)) / 10 -> 4.85 | O83: =(0.4*E83 + 0.3*G83 + 0.3*I83) / 10 -> 9.15 | P83: 0 | Q83: 0 | R83: =ROUND(N83,0)+P83 -> 5 | S83: =ROUND(O83,0)+Q83 -> 9 | T83: =SUM(ROUND(R83,0),ROUND(S83,0)) -> 14 | U83: =C83 -> normal | V83: steel | W83: ground | X83: fighting | Y83: =B84 -> Snorlax | Z83: =IF(ISBLANK(Y83), "", ROUND(( (T84-6)*(T84-7) - (T83-6)*(T83-7) )/15, 0) + 1) -> 8 | AA83: =B83 -> Munchlax | AC83: Flail | AD83: =VLOOKUP(AC83,moves!A:B,2,FALSE) -> normal | AE83: =VLOOKUP(AC83,moves!A:D,4,FALSE) -> 1 | AF83: =VLOOKUP(AC83,moves!A:F,5,FALSE) -> 0 | AG83: 0 | AH83: 0 | AI83: {=_xlfn.IFS(AG83=1, "starter", AH83=1, "legendary",T83< 13, "weak",T83< 17, "moderate", TRUE, "strong")} -> moderate | AK83: 1 | AL83: 0 | AM83: 0
A84: 143 | B84: Snorlax | C84: normal | E84: 160 | F84: 110 | G84: 65 | H84: 65 | I84: 110 | J84: 30 | K84: Sleeping Pokémon | L84: Mountain | M84: Temperate | N84: =(0.4*J84 + 0.5*MAX(F84,H84) + 0.1*MIN(F84,H84)) / 10 -> 7.35 | O84: =(0.4*E84 + 0.3*G84 + 0.3*I84) / 10 -> 11.65 | P84: 0 | Q84: 0 | R84: =ROUND(N84,0)+P84 -> 7 | S84: =ROUND(O84,0)+Q84 -> 12 | T84: =SUM(ROUND(R84,0),ROUND(S84,0)) -> 19 | U84: =C84 -> normal | V84: steel | W84: ground | X84: fighting | Z84: =IF(ISBLANK(Y84), "", ROUND(( (T86-6)*(T86-7) - (T84-6)*(T84-7) )/15, 0) + 1) | AA84: =B84 -> Snorlax | AC84: Body Slam | AD84: =VLOOKUP(AC84,moves!A:B,2,FALSE) -> normal | AE84: =VLOOKUP(AC84,moves!A:D,4,FALSE) -> 4 | AF84: =VLOOKUP(AC84,moves!A:F,5,FALSE) -> 0 | AG84: 0 | AH84: 0 | AI84: {=_xlfn.IFS(AG84=1, "starter", AH84=1, "legendary",T84< 13, "weak",T84< 17, "moderate", TRUE, "strong")} -> strong | AK84: 2 | AL84: 0 | AM84: 0
A85: 143-a | B85: Sleeping Glutton | C85: normal | D85: fairy | E85: 160 | F85: 110 | G85: 65 | H85: 65 | I85: 110 | J85: 30 | K85: Alpha Pokémon | M85: Alpha | N85: =(0.4*J85 + 0.5*MAX(F85,H85) + 0.1*MIN(F85,H85)) / 10 -> 7.35 | O85: =(0.4*E85 + 0.3*G85 + 0.3*I85) / 10 -> 11.65 | P85: -2 | Q85: 4 | R85: =ROUND(N85,0)+P85 -> 5 | S85: =ROUND(O85,0)+Q85 -> 16 | T85: =SUM(ROUND(R85,0),ROUND(S85,0)) -> 21 | U85: =C85 -> normal | V85: =IF(D85 = 0, "", D85) -> fairy | W85: ground | X85: fighting | Z85: =IF(ISBLANK(Y85), "", ROUND(( (T87-6)*(T87-7) - (T85-6)*(T85-7) )/15, 0) + 1) | AA85: Snorlax | AB85: Alpha Snorlax | AC85: Mid-Nap Snack | AD85: =VLOOKUP(AC85,moves!A:B,2,FALSE) -> fairy | AE85: =VLOOKUP(AC85,moves!A:D,4,FALSE) -> 4 | AF85: =VLOOKUP(AC85,moves!A:F,5,FALSE) -> 0 | AG85: 0 | AH85: 1 | AI85: {=_xlfn.IFS(AG85=1, "starter", AH85=1, "legendary",T85< 13, "weak",T85< 17, "moderate", TRUE, "strong")} -> legendary | AK85: 1 | AL85: 0 | AM85: 0
A86: 447 | B86: Riolu | C86: fighting | E86: 40 | F86: 70 | G86: 40 | H86: 35 | I86: 40 | J86: 60 | K86: Emanation Pokémon | L86: Mountain | M86: Cold | N86: =(0.4*J86 + 0.5*MAX(F86,H86) + 0.1*MIN(F86,H86)) / 10 -> 6.25 | O86: =(0.4*E86 + 0.3*G86 + 0.3*I86) / 10 -> 4 | P86: 0 | Q86: 0 | R86: =ROUND(N86,0)+P86 -> 6 | S86: =ROUND(O86,0)+Q86 -> 4 | T86: =SUM(ROUND(R86,0),ROUND(S86,0)) -> 10 | U86: =C86 -> fighting | V86: steel | W86: normal | X86: psychic | Y86: =B87 -> Lucario | Z86: =IF(ISBLANK(Y86), "", ROUND(( (T87-6)*(T87-7) - (T86-6)*(T86-7) )/15, 0) + 1) -> 9 | AA86: =B86 -> Riolu | AC86: Metal Claw | AD86: =VLOOKUP(AC86,moves!A:B,2,FALSE) -> steel | AE86: =VLOOKUP(AC86,moves!A:D,4,FALSE) -> 3 | AF86: =VLOOKUP(AC86,moves!A:F,5,FALSE) -> 0 | AG86: 0 | AH86: 0 | AI86: {=_xlfn.IFS(AG86=1, "starter", AH86=1, "legendary",T86< 13, "weak",T86< 17, "moderate", TRUE, "strong")} -> weak | AK86: 1 | AL86: 0 | AM86: 0
A87: 448 | B87: Lucario | C87: fighting | D87: steel | E87: 70 | F87: 110 | G87: 70 | H87: 115 | I87: 70 | J87: 90 | K87: Aura Pokémon | L87: Mountain | M87: Cold | N87: =(0.4*J87 + 0.5*MAX(F87,H87) + 0.1*MIN(F87,H87)) / 10 -> 10.45 | O87: =(0.4*E87 + 0.3*G87 + 0.3*I87) / 10 -> 7 | P87: 1 | Q87: 0 | R87: =ROUND(N87,0)+P87 -> 11 | S87: =ROUND(O87,0)+Q87 -> 7 | T87: =SUM(ROUND(R87,0),ROUND(S87,0)) -> 18 | U87: =C87 -> fighting | V87: =IF(D87 = 0, "", D87) -> steel | W87: normal | X87: psychic | Z87: =IF(ISBLANK(Y87), "", ROUND(( (T89-6)*(T89-7) - (T87-6)*(T87-7) )/15, 0) + 1) | AA87: =B87 -> Lucario | AC87: Aura Sphere | AD87: =VLOOKUP(AC87,moves!A:B,2,FALSE) -> fighting | AE87: =VLOOKUP(AC87,moves!A:D,4,FALSE) -> 4 | AF87: =VLOOKUP(AC87,moves!A:F,5,FALSE) -> 0 | AG87: 0 | AH87: 0 | AI87: {=_xlfn.IFS(AG87=1, "starter", AH87=1, "legendary",T87< 13, "weak",T87< 17, "moderate", TRUE, "strong")} -> strong | AK87: 2 | AL87: 0 | AM87: 0
A88: 448-a | B88: Corrupted Aura | C88: fighting | D88: dark | E88: 70 | F88: 110 | G88: 70 | H88: 115 | I88: 70 | J88: 90 | K88: Alpha Pokémon | M88: Alpha | N88: =(0.4*J88 + 0.5*MAX(F88,H88) + 0.1*MIN(F88,H88)) / 10 -> 10.45 | O88: =(0.4*E88 + 0.3*G88 + 0.3*I88) / 10 -> 7 | P88: 2 | Q88: 2 | R88: =ROUND(N88,0)+P88 -> 12 | S88: =ROUND(O88,0)+Q88 -> 9 | T88: =SUM(ROUND(R88,0),ROUND(S88,0)) -> 21 | U88: =C88 -> fighting | V88: =IF(D88 = 0, "", D88) -> dark | W88: normal | X88: psychic | Z88: =IF(ISBLANK(Y88), "", ROUND(( (T90-6)*(T90-7) - (T88-6)*(T88-7) )/15, 0) + 1) | AA88: Lucario | AB88: Alpha Lucario | AC88: Aura Storm | AD88: =VLOOKUP(AC88,moves!A:B,2,FALSE) -> dark | AE88: =VLOOKUP(AC88,moves!A:D,4,FALSE) -> 4 | AF88: =VLOOKUP(AC88,moves!A:F,5,FALSE) -> 0 | AG88: 0 | AH88: 1 | AI88: {=_xlfn.IFS(AG88=1, "starter", AH88=1, "legendary",T88< 13, "weak",T88< 17, "moderate", TRUE, "strong")} -> legendary | AK88: 1 | AL88: 0 | AM88: 0
A89: 449 | B89: Hippopotas | C89: ground | E89: 68 | F89: 72 | G89: 78 | H89: 38 | I89: 42 | J89: 32 | K89: Hippo Pokémon | L89: Mountain | M89: Warm | N89: =(0.4*J89 + 0.5*MAX(F89,H89) + 0.1*MIN(F89,H89)) / 10 -> 5.26 | O89: =(0.4*E89 + 0.3*G89 + 0.3*I89) / 10 -> 6.32 | P89: 0 | Q89: 0 | R89: =ROUND(N89,0)+P89 -> 5 | S89: =ROUND(O89,0)+Q89 -> 6 | T89: =SUM(ROUND(R89,0),ROUND(S89,0)) -> 11 | U89: =C89 -> ground | V89: normal | W89: dark | X89: water | Y89: =B90 -> Hippowdon | Z89: =IF(ISBLANK(Y89), "", ROUND(( (T90-6)*(T90-7) - (T89-6)*(T89-7) )/15, 0) + 1) -> 8 | AA89: =B89 -> Hippopotas | AC89: Sand Tomb | AD89: =VLOOKUP(AC89,moves!A:B,2,FALSE) -> ground | AE89: =VLOOKUP(AC89,moves!A:D,4,FALSE) -> 2 | AF89: =VLOOKUP(AC89,moves!A:F,5,FALSE) -> trap | AG89: 0 | AH89: 0 | AI89: {=_xlfn.IFS(AG89=1, "starter", AH89=1, "legendary",T89< 13, "weak",T89< 17, "moderate", TRUE, "strong")} -> weak | AK89: 1 | AL89: 0 | AM89: 0
A90: 450 | B90: Hippowdon | C90: ground | E90: 108 | F90: 112 | G90: 118 | H90: 68 | I90: 72 | J90: 47 | K90: Heavyweight Pokémon | L90: Mountain | M90: Warm | N90: =(0.4*J90 + 0.5*MAX(F90,H90) + 0.1*MIN(F90,H90)) / 10 -> 8.16 | O90: =(0.4*E90 + 0.3*G90 + 0.3*I90) / 10 -> 10.02 | P90: 0 | Q90: 0 | R90: =ROUND(N90,0)+P90 -> 8 | S90: =ROUND(O90,0)+Q90 -> 10 | T90: =SUM(ROUND(R90,0),ROUND(S90,0)) -> 18 | U90: =C90 -> ground | V90: normal | W90: dark | X90: water | Z90: =IF(ISBLANK(Y90), "", ROUND(( (T91-6)*(T91-7) - (T90-6)*(T90-7) )/15, 0) + 1) | AA90: =B90 -> Hippowdon | AC90: Fissure | AD90: =VLOOKUP(AC90,moves!A:B,2,FALSE) -> ground | AE90: =VLOOKUP(AC90,moves!A:D,4,FALSE) -> 6 | AF90: =VLOOKUP(AC90,moves!A:F,5,FALSE) -> 0 | AG90: 0 | AH90: 0 | AI90: {=_xlfn.IFS(AG90=1, "starter", AH90=1, "legendary",T90< 13, "weak",T90< 17, "moderate", TRUE, "strong")} -> strong | AK90: 2 | AL90: 0 | AM90: 0
A91: 451 | B91: Skorupi | C91: poison | D91: bug | E91: 40 | F91: 50 | G91: 90 | H91: 30 | I91: 55 | J91: 65 | K91: Scorpion Pokémon | L91: Forest | M91: Warm | N91: =(0.4*J91 + 0.5*MAX(F91,H91) + 0.1*MIN(F91,H91)) / 10 -> 5.4 | O91: =(0.4*E91 + 0.3*G91 + 0.3*I91) / 10 -> 5.95 | P91: 0 | Q91: 0 | R91: =ROUND(N91,0)+P91 -> 5 | S91: =ROUND(O91,0)+Q91 -> 6 | T91: =SUM(ROUND(R91,0),ROUND(S91,0)) -> 11 | U91: =C91 -> poison | V91: =IF(D91 = 0, "", D91) -> bug | W91: dark | X91: ground | Y91: =B92 -> Drapion | Z91: =IF(ISBLANK(Y91), "", ROUND(( (T92-6)*(T92-7) - (T91-6)*(T91-7) )/15, 0) + 1) -> 7 | AA91: =B91 -> Skorupi | AC91: Bug Bite | AD91: =VLOOKUP(AC91,moves!A:B,2,FALSE) -> bug | AE91: =VLOOKUP(AC91,moves!A:D,4,FALSE) -> 3 | AF91: =VLOOKUP(AC91,moves!A:F,5,FALSE) -> 0 | AG91: 0 | AH91: 0 | AI91: {=_xlfn.IFS(AG91=1, "starter", AH91=1, "legendary",T91< 13, "weak",T91< 17, "moderate", TRUE, "strong")} -> weak | AK91: 1 | AL91: 0 | AM91: 0
A92: 452 | B92: Drapion | C92: poison | D92: dark | E92: 70 | F92: 90 | G92: 110 | H92: 60 | I92: 75 | J92: 95 | K92: Ogre Scorp Pokémon | L92: Forest | M92: Warm | N92: =(0.4*J92 + 0.5*MAX(F92,H92) + 0.1*MIN(F92,H92)) / 10 -> 8.9 | O92: =(0.4*E92 + 0.3*G92 + 0.3*I92) / 10 -> 8.35 | P92: 0 | Q92: 0 | R92: =ROUND(N92,0)+P92 -> 9 | S92: =ROUND(O92,0)+Q92 -> 8 | T92: =SUM(ROUND(R92,0),ROUND(S92,0)) -> 17 | U92: =C92 -> poison | V92: =IF(D92 = 0, "", D92) -> dark | W92: bug | X92: ground | Z92: =IF(ISBLANK(Y92), "", ROUND(( (T94-6)*(T94-7) - (T92-6)*(T92-7) )/15, 0) + 1) | AA92: =B92 -> Drapion | AC92: Cross Poison | AD92: =VLOOKUP(AC92,moves!A:B,2,FALSE) -> poison | AE92: =VLOOKUP(AC92,moves!A:D,4,FALSE) -> 4 | AF92: =VLOOKUP(AC92,moves!A:F,5,FALSE) -> 0 | AG92: 0 | AH92: 0 | AI92: {=_xlfn.IFS(AG92=1, "starter", AH92=1, "legendary",T92< 13, "weak",T92< 17, "moderate", TRUE, "strong")} -> strong | AK92: 2 | AL92: 0 | AM92: 0
A93: 452-a | B93: Iron Scorpion | C93: poison | D93: steel | E93: 70 | F93: 90 | G93: 110 | H93: 60 | I93: 75 | J93: 95 | K93: Alpha Pokémon | M93: Alpha | N93: =(0.4*J93 + 0.5*MAX(F93,H93) + 0.1*MIN(F93,H93)) / 10 -> 8.9 | O93: =(0.4*E93 + 0.3*G93 + 0.3*I93) / 10 -> 8.35 | P93: -2 | Q93: 6 | R93: =ROUND(N93,0)+P93 -> 7 | S93: =ROUND(O93,0)+Q93 -> 14 | T93: =SUM(ROUND(R93,0),ROUND(S93,0)) -> 21 | U93: =C93 -> poison | V93: =IF(D93 = 0, "", D93) -> steel | W93: bug | X93: ground | Z93: =IF(ISBLANK(Y93), "", ROUND(( (T95-6)*(T95-7) - (T93-6)*(T93-7) )/15, 0) + 1) | AA93: Drapion | AB93: Alpha Drapion | AC93: Corrosive Crush | AD93: =VLOOKUP(AC93,moves!A:B,2,FALSE) -> steel | AE93: =VLOOKUP(AC93,moves!A:D,4,FALSE) -> 4 | AF93: =VLOOKUP(AC93,moves!A:F,5,FALSE) -> trap | AG93: 0 | AH93: 1 | AI93: {=_xlfn.IFS(AG93=1, "starter", AH93=1, "legendary",T93< 13, "weak",T93< 17, "moderate", TRUE, "strong")} -> legendary | AK93: 1 | AL93: 0 | AM93: 0
A94: 453 | B94: Croagunk | C94: poison | D94: fighting | E94: 48 | F94: 61 | G94: 40 | H94: 61 | I94: 40 | J94: 50 | K94: Toxic Mouth Pokémon | L94: Forest | M94: Warm | N94: =(0.4*J94 + 0.5*MAX(F94,H94) + 0.1*MIN(F94,H94)) / 10 -> 5.66 | O94: =(0.4*E94 + 0.3*G94 + 0.3*I94) / 10 -> 4.32 | P94: 0 | Q94: 0 | R94: =ROUND(N94,0)+P94 -> 6 | S94: =ROUND(O94,0)+Q94 -> 4 | T94: =SUM(ROUND(R94,0),ROUND(S94,0)) -> 10 | U94: =C94 -> poison | V94: =IF(D94 = 0, "", D94) -> fighting | W94: dark | X94: ground | Y94: =B95 -> Toxicroak | Z94: =IF(ISBLANK(Y94), "", ROUND(( (T95-6)*(T95-7) - (T94-6)*(T94-7) )/15, 0) + 1) -> 8 | AA94: =B94 -> Croagunk | AC94: Revenge | AD94: =VLOOKUP(AC94,moves!A:B,2,FALSE) -> fighting | AE94: =VLOOKUP(AC94,moves!A:D,4,FALSE) -> 2 | AF94: =VLOOKUP(AC94,moves!A:F,5,FALSE) -> 0 | AG94: 0 | AH94: 0 | AI94: {=_xlfn.IFS(AG94=1, "starter", AH94=1, "legendary",T94< 13, "weak",T94< 17, "moderate", TRUE, "strong")} -> weak | AK94: 1 | AL94: 0 | AM94: 0
A95: 454 | B95: Toxicroak | C95: poison | D95: fighting | E95: 83 | F95: 106 | G95: 65 | H95: 86 | I95: 65 | J95: 85 | K95: Toxic Mouth Pokémon | L95: Forest | M95: Warm | N95: =(0.4*J95 + 0.5*MAX(F95,H95) + 0.1*MIN(F95,H95)) / 10 -> 9.56 | O95: =(0.4*E95 + 0.3*G95 + 0.3*I95) / 10 -> 7.22 | P95: 0 | Q95: 0 | R95: =ROUND(N95,0)+P95 -> 10 | S95: =ROUND(O95,0)+Q95 -> 7 | T95: =SUM(ROUND(R95,0),ROUND(S95,0)) -> 17 | U95: =C95 -> poison | V95: =IF(D95 = 0, "", D95) -> fighting | W95: dark | X95: ground | Z95: =IF(ISBLANK(Y95), "", ROUND(( (T96-6)*(T96-7) - (T95-6)*(T95-7) )/15, 0) + 1) | AA95: =B95 -> Toxicroak | AC95: Poison Jab | AD95: =VLOOKUP(AC95,moves!A:B,2,FALSE) -> poison | AE95: =VLOOKUP(AC95,moves!A:D,4,FALSE) -> 4 | AF95: =VLOOKUP(AC95,moves!A:F,5,FALSE) -> 0 | AG95: 0 | AH95: 0 | AI95: {=_xlfn.IFS(AG95=1, "starter", AH95=1, "legendary",T95< 13, "weak",T95< 17, "moderate", TRUE, "strong")} -> strong | AK95: 2 | AL95: 0 | AM95: 0
A96: 455 | B96: Carnivine | C96: grass | E96: 74 | F96: 100 | G96: 72 | H96: 90 | I96: 72 | J96: 46 | K96: Bug Catcher Pokémon | L96: Forest | M96: Warm | N96: =(0.4*J96 + 0.5*MAX(F96,H96) + 0.1*MIN(F96,H96)) / 10 -> 7.74 | O96: =(0.4*E96 + 0.3*G96 + 0.3*I96) / 10 -> 7.28 | P96: 0 | Q96: 0 | R96: =ROUND(N96,0)+P96 -> 8 | S96: =ROUND(O96,0)+Q96 -> 7 | T96: =SUM(ROUND(R96,0),ROUND(S96,0)) -> 15 | U96: =C96 -> grass | V96: dark | W96: normal | X96: poison | Z96: =IF(ISBLANK(Y96), "", ROUND(( (T97-6)*(T97-7) - (T96-6)*(T96-7) )/15, 0) + 1) | AA96: =B96 -> Carnivine | AC96: Bug Trap | AD96: =VLOOKUP(AC96,moves!A:B,2,FALSE) -> grass | AE96: =VLOOKUP(AC96,moves!A:D,4,FALSE) -> 4 | AF96: =VLOOKUP(AC96,moves!A:F,5,FALSE) -> trap | AG96: 0 | AH96: 0 | AI96: {=_xlfn.IFS(AG96=1, "starter", AH96=1, "legendary",T96< 13, "weak",T96< 17, "moderate", TRUE, "strong")} -> moderate | AK96: 1 | AL96: 0 | AM96: 0
A97: 456 | B97: Finneon | C97: water | E97: 49 | F97: 49 | G97: 56 | H97: 49 | I97: 61 | J97: 66 | K97: Wing Fish Pokémon | L97: Ocean | M97: Warm | N97: =(0.4*J97 + 0.5*MAX(F97,H97) + 0.1*MIN(F97,H97)) / 10 -> 5.58 | O97: =(0.4*E97 + 0.3*G97 + 0.3*I97) / 10 -> 5.47 | P97: 0 | Q97: 0 | R97: =ROUND(N97,0)+P97 -> 6 | S97: =ROUND(O97,0)+Q97 -> 5 | T97: =SUM(ROUND(R97,0),ROUND(S97,0)) -> 11 | U97: =C97 -> water | V97: bug | W97: flying | X97: ice | Y97: =B98 -> Lumineon | Z97: =IF(ISBLANK(Y97), "", ROUND(( (T98-6)*(T98-7) - (T97-6)*(T97-7) )/15, 0) + 1) -> 6 | AA97: =B97 -> Finneon | AC97: U-Turn | AD97: =VLOOKUP(AC97,moves!A:B,2,FALSE) -> bug | AE97: =VLOOKUP(AC97,moves!A:D,4,FALSE) -> 3 | AF97: =VLOOKUP(AC97,moves!A:F,5,FALSE) -> switch | AG97: 0 | AH97: 0 | AI97: {=_xlfn.IFS(AG97=1, "starter", AH97=1, "legendary",T97< 13, "weak",T97< 17, "moderate", TRUE, "strong")} -> weak | AK97: 1 | AL97: 0 | AM97: 0
A98: 457 | B98: Lumineon | C98: water | E98: 69 | F98: 69 | G98: 76 | H98: 69 | I98: 86 | J98: 91 | K98: Neon Pokémon | L98: Ocean | M98: Warm | N98: =(0.4*J98 + 0.5*MAX(F98,H98) + 0.1*MIN(F98,H98)) / 10 -> 7.78 | O98: =(0.4*E98 + 0.3*G98 + 0.3*I98) / 10 -> 7.62 | P98: 0 | Q98: 0 | R98: =ROUND(N98,0)+P98 -> 8 | S98: =ROUND(O98,0)+Q98 -> 8 | T98: =SUM(ROUND(R98,0),ROUND(S98,0)) -> 16 | U98: =C98 -> water | V98: bug | W98: flying | X98: ice | Z98: =IF(ISBLANK(Y98), "", ROUND(( (T99-6)*(T99-7) - (T98-6)*(T98-7) )/15, 0) + 1) | AA98: =B98 -> Lumineon | AC98: Whirlpool | AD98: =VLOOKUP(AC98,moves!A:B,2,FALSE) -> water | AE98: =VLOOKUP(AC98,moves!A:D,4,FALSE) -> 4 | AF98: =VLOOKUP(AC98,moves!A:F,5,FALSE) -> trap | AG98: 0 | AH98: 0 | AI98: {=_xlfn.IFS(AG98=1, "starter", AH98=1, "legendary",T98< 13, "weak",T98< 17, "moderate", TRUE, "strong")} -> moderate | AK98: 2 | AL98: 0 | AM98: 0
A99: 458 | B99: Mantyke | C99: water | D99: flying | E99: 45 | F99: 20 | G99: 50 | H99: 60 | I99: 120 | J99: 50 | K99: Kite Pokémon | L99: Ocean | M99: Warm | N99: =(0.4*J99 + 0.5*MAX(F99,H99) + 0.1*MIN(F99,H99)) / 10 -> 5.2 | O99: =(0.4*E99 + 0.3*G99 + 0.3*I99) / 10 -> 6.9 | P99: 0 | Q99: 0 | R99: =ROUND(N99,0)+P99 -> 5 | S99: =ROUND(O99,0)+Q99 -> 7 | T99: =SUM(ROUND(R99,0),ROUND(S99,0)) -> 12 | U99: =C99 -> water | V99: =IF(D99 = 0, "", D99) -> flying | W99: ice | X99: ground | Y99: =B100 -> Mantine | Z99: =IF(ISBLANK(Y99), "", ROUND(( (T100-6)*(T100-7) - (T99-6)*(T99-7) )/15, 0) + 1) -> 6 | AA99: =B99 -> Mantyke | AC99: Wing Attack | AD99: =VLOOKUP(AC99,moves!A:B,2,FALSE) -> flying | AE99: =VLOOKUP(AC99,moves!A:D,4,FALSE) -> 3 | AF99: =VLOOKUP(AC99,moves!A:F,5,FALSE) -> 0 | AG99: 0 | AH99: 0 | AI99: {=_xlfn.IFS(AG99=1, "starter", AH99=1, "legendary",T99< 13, "weak",T99< 17, "moderate", TRUE, "strong")} -> weak | AK99: 1 | AL99: 0 | AM99: 0
A100: 226 | B100: Mantine | C100: water | D100: flying | E100: 85 | F100: 40 | G100: 70 | H100: 80 | I100: 140 | J100: 70 | K100: Kite Pokémon | L100: Ocean | M100: Warm | N100: =(0.4*J100 + 0.5*MAX(F100,H100) + 0.1*MIN(F100,H100)) / 10 -> 7.2 | O100: =(0.4*E100 + 0.3*G100 + 0.3*I100) / 10 -> 9.7 | P100: 0 | Q100: 0 | R100: =ROUND(N100,0)+P100 -> 7 | S100: =ROUND(O100,0)+Q100 -> 10 | T100: =SUM(ROUND(R100,0),ROUND(S100,0)) -> 17 | U100: =C100 -> water | V100: =IF(D100 = 0, "", D100) -> flying | W100: ice | X100: ground | Z100: =IF(ISBLANK(Y100), "", ROUND(( (T101-6)*(T101-7) - (T100-6)*(T100-7) )/15, 0) + 1) | AA100: =B100 -> Mantine | AC100: Surf | AD100: =VLOOKUP(AC100,moves!A:B,2,FALSE) -> water | AE100: =VLOOKUP(AC100,moves!A:D,4,FALSE) -> 4 | AF100: =VLOOKUP(AC100,moves!A:F,5,FALSE) -> 0 | AG100: 0 | AH100: 0 | AI100: {=_xlfn.IFS(AG100=1, "starter", AH100=1, "legendary",T100< 13, "weak",T100< 17, "moderate", TRUE, "strong")} -> strong | AK100: 2 | AL100: 0 | AM100: 0
...

Sheet moves
A1: move_name | B1: move_type | C1: move_power | D1: move_attack_strength | E1: move_class | F1: move_effect | G1: count | H1: min_total | I1: max_total | J1: variance
A2: Struggle Bug | B2: bug | C2: 50 | D2: =IF(NOT(ISBLANK(C2)), IF(ISNUMBER(C2), ROUND((C2 - 5)/20, 0), C2), "") -> 2 | F2: If the user has 3 or less health remaining, this move deals double damage. | G2: {=COUNT(IF(($A2=pokemon!$AC$2:$AC$412)*(pokemon!$AB$2:$AB$412 <> "Noble Form")*(ISBLANK(pokemon!$AJ$2:$AJ$412)), pokemon!$T$2:$T$412))} -> 2 | H2: {=MIN(IF(($A2=pokemon!$AC$2:$AC$412)*(pokemon!$AB$2:$AB$412 <> "Noble Form")*(ISBLANK(pokemon!$AJ$2:$AJ$412)), pokemon!$T$2:$T$412))} -> 7 | I2: {=MAX(IF(($A2=pokemon!$AC$2:$AC$412)*(pokemon!$AB$2:$AB$412 <> "Noble Form")*(ISBLANK(pokemon!$AJ$2:$AJ$412)), pokemon!$T$2:$T$412))} -> 12 | J2: =I2-H2 -> 5
A3: Bug Bite | B3: bug | C3: 60 | D3: =IF(NOT(ISBLANK(C3)), IF(ISNUMBER(C3), ROUND((C3 - 5)/20, 0), C3), "") -> 3 | F3: If the target has a held item, deal 2 extra damage. | G3: {=COUNT(IF(($A3=pokemon!$AC$2:$AC$412)*(pokemon!$AB$2:$AB$412 <> "Noble Form")*(ISBLANK(pokemon!$AJ$2:$AJ$412)), pokemon!$T$2:$T$412))} -> 3 | H3: {=MIN(IF(($A3=pokemon!$AC$2:$AC$412)*(pokemon!$AB$2:$AB$412 <> "Noble Form")*(ISBLANK(pokemon!$AJ$2:$AJ$412)), pokemon!$T$2:$T$412))} -> 7 | I3: {=MAX(IF(($A3=pokemon!$AC$2:$AC$412)*(pokemon!$AB$2:$AB$412 <> "Noble Form")*(ISBLANK(pokemon!$AJ$2:$AJ$412)), pokemon!$T$2:$T$412))} -> 11 | J3: =I3-H3 -> 4
A4: Infatuate | B4: bug | C4: 60 | D4: =IF(NOT(ISBLANK(C4)), IF(ISNUMBER(C4), ROUND((C4 - 5)/20, 0), C4), "") -> 3 | F4: Inflict both the Paralysed and Confused statuses on the target. | G4: {=COUNT(IF(($A4=pokemon!$AC$2:$AC$412)*(pokemon!$AB$2:$AB$412 <> "Noble Form")*(ISBLANK(pokemon!$AJ$2:$AJ$412)), pokemon!$T$2:$T$412))} -> 1 | H4: {=MIN(IF(($A4=pokemon!$AC$2:$AC$412)*(pokemon!$AB$2:$AB$412 <> "Noble Form")*(ISBLANK(pokemon!$AJ$2:$AJ$412)), pokemon!$T$2:$T$412))} -> 28 | I4: {=MAX(IF(($A4=pokemon!$AC$2:$AC$412)*(pokemon!$AB$2:$AB$412 <> "Noble Form")*(ISBLANK(pokemon!$AJ$2:$AJ$412)), pokemon!$T$2:$T$412))} -> 28 | J4: =I4-H4 -> 0
A5: U-Turn | B5: bug | C5: 70 | D5: =IF(NOT(ISBLANK(C5)), IF(ISNUMBER(C5), ROUND((C5 - 5)/20, 0), C5), "") -> 3 | E5: switch | F5: When the target next attacks, remove 1 regular hit from the roll. | G5: {=COUNT(IF(($A5=pokemon!$AC$2:$AC$412)*(pokemon!$AB$2:$AB$412 <> "Noble Form")*(ISBLANK(pokemon!$AJ$2:$AJ$412)), pokemon!$T$2:$T$412))} -> 1 | H5: {=MIN(IF(($A5=pokemon!$AC$2:$AC$412)*(pokemon!$AB$2:$AB$412 <> "Noble Form")*(ISBLANK(pokemon!$AJ$2:$AJ$412)), pokemon!$T$2:$T$412))} -> 11 | I5: {=MAX(IF(($A5=pokemon!$AC$2:$AC$412)*(pokemon!$AB$2:$AB$412 <> "Noble Form")*(ISBLANK(pokemon!$AJ$2:$AJ$412)), pokemon!$T$2:$T$412))} -> 11 | J5: =I5-H5 -> 0
A6: Lunge | B6: bug | C6: 60 | D6: =IF(NOT(ISBLANK(C6)), IF(ISNUMBER(C6), ROUND((C6 - 5)/20, 0), C6), "") -> 3 | E6: switch | F6: This move can be used from your party, the user is switched in immediately. | G6: {=COUNT(IF(($A6=pokemon!$AC$2:$AC$412)*(pokemon!$AB$2:$AB$412 <> "Noble Form")*(ISBLANK(pokemon!$AJ$2:$AJ$412)), pokemon!$T$2:$T$412))} -> 1 | H6: {=MIN(IF(($A6=pokemon!$AC$2:$AC$412)*(pokemon!$AB$2:$AB$412 <> "Noble Form")*(ISBLANK(pokemon!$AJ$2:$AJ$412)), pokemon!$T$2:$T$412))} -> 14 | I6: {=MAX(IF(($A6=pokemon!$AC$2:$AC$412)*(pokemon!$AB$2:$AB$412 <> "Noble Form")*(ISBLANK(pokemon!$AJ$2:$AJ$412)), pokemon!$T$2:$T$412))} -> 14 | J6: =I6-H6 -> 0
A7: X-Scissor | B7: bug | C7: 80 | D7: =IF(NOT(ISBLANK(C7)), IF(ISNUMBER(C7), ROUND((C7 - 5)/20, 0), C7), "") -> 4 | F7: Critical hits deal +1 damage. | G7: {=COUNT(IF(($A7=pokemon!$AC$2:$AC$412)*(pokemon!$AB$2:$AB$412 <> "Noble Form")*(ISBLANK(pokemon!$AJ$2:$AJ$412)), pokemon!$T$2:$T$412))} -> 2 | H7: {=MIN(IF(($A7=pokemon!$AC$2:$AC$412)*(pokemon!$AB$2:$AB$412 <> "Noble Form")*(ISBLANK(pokemon!$AJ$2:$AJ$412)), pokemon!$T$2:$T$412))} -> 14 | I7: {=MAX(IF(($A7=pokemon!$AC$2:$AC$412)*(pokemon!$AB$2:$AB$412 <> "Noble Form")*(ISBLANK(pokemon!$AJ$2:$AJ$412)), pokemon!$T$2:$T$412))} -> 18 | J7: =I7-H7 -> 4
A8: Bug Buzz | B8: bug | C8: 80 | D8: =IF(NOT(ISBLANK(C8)), IF(ISNUMBER(C8), ROUND((C8 - 5)/20, 0), C8), "") -> 4 | F8: If any status symbols are rolled: Inflict the Paralysed status on the target. | G8: {=COUNT(IF(($A8=pokemon!$AC$2:$AC$412)*(pokemon!$AB$2:$AB$412 <> "Noble Form")*(ISBLANK(pokemon!$AJ$2:$AJ$412)), pokemon!$T$2:$T$412))} -> 2 | H8: {=MIN(IF(($A8=pokemon!$AC$2:$AC$412)*(pokemon!$AB$2:$AB$412 <> "Noble Form")*(ISBLANK(pokemon!$AJ$2:$AJ$412)), pokemon!$T$2:$T$412))} -> 13 | I8: {=MAX(IF(($A8=pokemon!$AC$2:$AC$412)*(pokemon!$AB$2:$AB$412 <> "Noble Form")*(ISBLANK(pokemon!$AJ$2:$AJ$412)), pokemon!$T$2:$T$412))} -> 18 | J8: =I8-H8 -> 5
A9: Attack Order | B9: bug | C9: 80 | D9: =IF(NOT(ISBLANK(C9)), IF(ISNUMBER(C9), ROUND((C9 - 5)/20, 0), C9), "") -> 4 | F9: If there is another non-fainted Bug-type Pokémon in your party, deal 2 extra damage. | G9: {=COUNT(IF(($A9=pokemon!$AC$2:$AC$412)*(pokemon!$AB$2:$AB$412 <> "Noble Form")*(ISBLANK(pokemon!$AJ$2:$AJ$412)), pokemon!$T$2:$T$412))} -> 1 | H9: {=MIN(IF(($A9=pokemon!$AC$2:$AC$412)*(pokemon!$AB$2:$AB$412 <> "Noble Form")*(ISBLANK(pokemon!$AJ$2:$AJ$412)), pokemon!$T$2:$T$412))} -> 15 | I9: {=MAX(IF(($A9=pokemon!$AC$2:$AC$412)*(pokemon!$AB$2:$AB$412 <> "Noble Form")*(ISBLANK(pokemon!$AJ$2:$AJ$412)), pokemon!$T$2:$T$412))} -> 15 | J9: =I9-H9 -> 0
A10: Megahorn | B10: bug | C10: 100 | D10: =IF(NOT(ISBLANK(C10)), IF(ISNUMBER(C10), ROUND((C10 - 5)/20, 0), C10), "") -> 5 | F10: Critical hits deal +1 damage but status symbols deal -1 damage. | G10: {=COUNT(IF(($A10=pokemon!$AC$2:$AC$412)*(pokemon!$AB$2:$AB$412 <> "Noble Form")*(ISBLANK(pokemon!$AJ$2:$AJ$412)), pokemon!$T$2:$T$412))} -> 3 | H10: {=MIN(IF(($A10=pokemon!$AC$2:$AC$412)*(pokemon!$AB$2:$AB$412 <> "Noble Form")*(ISBLANK(pokemon!$AJ$2:$AJ$412)), pokemon!$T$2:$T$412))} -> 16 | I10: {=MAX(IF(($A10=pokemon!$AC$2:$AC$412)*(pokemon!$AB$2:$AB$412 <> "Noble Form")*(ISBLANK(pokemon!$AJ$2:$AJ$412)), pokemon!$T$2:$T$412))} -> 18 | J10: =I10-H10 -> 2
A11: Alpha Release | B11: bug | C11: 0 | D11: =IF(NOT(ISBLANK(C11)), IF(ISNUMBER(C11), ROUND((C11 - 5)/20, 0), C11), "") -> 0 | F11: This move does not roll the attack dice. Deal damage equal to 6 minus your current battle fatigue. Increase your battle fatigue by 1. | G11: {=COUNT(IF(($A11=pokemon!$AC$2:$AC$412)*(pokemon!$AB$2:$AB$412 <> "Noble Form")*(ISBLANK(pokemon!$AJ$2:$AJ$412)), pokemon!$T$2:$T$412))} -> 1 | H11: {=MIN(IF(($A11=pokemon!$AC$2:$AC$412)*(pokemon!$AB$2:$AB$412 <> "Noble Form")*(ISBLANK(pokemon!$AJ$2:$AJ$412)), pokemon!$T$2:$T$412))} -> 21 | I11: {=MAX(IF(($A11=pokemon!$AC$2:$AC$412)*(pokemon!$AB$2:$AB$412 <> "Noble Form")*(ISBLANK(pokemon!$AJ$2:$AJ$412)), pokemon!$T$2:$T$412))} -> 21 | J11: =I11-H11 -> 0
A12: Topsy-Turvy | B12: dark | C12: 20 | D12: =IF(NOT(ISBLANK(C12)), IF(ISNUMBER(C12), ROUND((C12 - 5)/20, 0), C12), "") -> 1 | F12: Inflict both the Drowsy and Confused statuses on the target. | G12: {=COUNT(IF(($A12=pokemon!$AC$2:$AC$412)*(pokemon!$AB$2:$AB$412 <> "Noble Form")*(ISBLANK(pokemon!$AJ$2:$AJ$412)), pokemon!$T$2:$T$412))} -> 1 | H12: {=MIN(IF(($A12=pokemon!$AC$2:$AC$412)*(pokemon!$AB$2:$AB$412 <> "Noble Form")*(ISBLANK(pokemon!$AJ$2:$AJ$412)), pokemon!$T$2:$T$412))} -> 10 | I12: {=MAX(IF(($A12=pokemon!$AC$2:$AC$412)*(pokemon!$AB$2:$AB$412 <> "Noble Form")*(ISBLANK(pokemon!$AJ$2:$AJ$412)), pokemon!$T$2:$T$412))} -> 10 | J12: =I12-H12 -> 0
A13: Soul Siphon | B13: dark | C13: 100 | D13: =IF(NOT(ISBLANK(C13)), IF(ISNUMBER(C13), ROUND((C13 - 5)/20, 0), C13), "") -> 5 | E13: trap | F13: Heal damage equal to the current battle fatigue of the target. | G13: {=COUNT(IF(($A13=pokemon!$AC$2:$AC$412)*(pokemon!$AB$2:$AB$412 <> "Noble Form")*(ISBLANK(pokemon!$AJ$2:$AJ$412)), pokemon!$T$2:$T$412))} -> 1 | H13: {=MIN(IF(($A13=pokemon!$AC$2:$AC$412)*(pokemon!$AB$2:$AB$412 <> "Noble Form")*(ISBLANK(pokemon!$AJ$2:$AJ$412)), pokemon!$T$2:$T$412))} -> 20 | I13: {=MAX(IF(($A13=pokemon!$AC$2:$AC$412)*(pokemon!$AB$2:$AB$412 <> "Noble Form")*(ISBLANK(pokemon!$AJ$2:$AJ$412)), pokemon!$T$2:$T$412))} -> 20 | J13: =I13-H13 -> 0
A14: Dark Void | B14: dark | C14: 40 | D14: =IF(NOT(ISBLANK(C14)), IF(ISNUMBER(C14), ROUND((C14 - 5)/20, 0), C14), "") -> 2 | E14: agile | F14: Inflict the Drowsy status on the target and all Pokémon in the target party. | G14: {=COUNT(IF(($A14=pokemon!$AC$2:$AC$412)*(pokemon!$AB$2:$AB$412 <> "Noble Form")*(ISBLANK(pokemon!$AJ$2:$AJ$412)), pokemon!$T$2:$T$412))} -> 1 | H14: {=MIN(IF(($A14=pokemon!$AC$2:$AC$412)*(pokemon!$AB$2:$AB$412 <> "Noble Form")*(ISBLANK(pokemon!$AJ$2:$AJ$412)), pokemon!$T$2:$T$412))} -> 20 | I14: {=MAX(IF(($A14=pokemon!$AC$2:$AC$412)*(pokemon!$AB$2:$AB$412 <> "Noble Form")*(ISBLANK(pokemon!$AJ$2:$AJ$412)), pokemon!$T$2:$T$412))} -> 20 | J14: =I14-H14 -> 0
A15: Bite | B15: dark | C15: 60 | D15: =IF(NOT(ISBLANK(C15)), IF(ISNUMBER(C15), ROUND((C15 - 5)/20, 0), C15), "") -> 3 | F15: When the target is next attacked, add 1 regular hit to the roll. | G15: {=COUNT(IF(($A15=pokemon!$AC$2:$AC$412)*(pokemon!$AB$2:$AB$412 <> "Noble Form")*(ISBLANK(pokemon!$AJ$2:$AJ$412)), pokemon!$T$2:$T$412))} -> 6 | H15: {=MIN(IF(($A15=pokemon!$AC$2:$AC$412)*(pokemon!$AB$2:$AB$412 <> "Noble Form")*(ISBLANK(pokemon!$AJ$2:$AJ$412)), pokemon!$T$2:$T$412))} -> 11 | I15: {=MAX(IF(($A15=pokemon!$AC$2:$AC$412)*(pokemon!$AB$2:$AB$412 <> "Noble Form")*(ISBLANK(pokemon!$AJ$2:$AJ$412)), pokemon!$T$2:$T$412))} -> 14 | J15: =I15-H15 -> 3
A16: Night Slash | B16: dark | C16: 75 | D16: =IF(NOT(ISBLANK(C16)), IF(ISNUMBER(C16), ROUND((C16 - 5)/20, 0), C16), "") -> 4 | F16: Critical hits deal +1 damage. | G16: {=COUNT(IF(($A16=pokemon!$AC$2:$AC$412)*(pokemon!$AB$2:$AB$412 <> "Noble Form")*(ISBLANK(pokemon!$AJ$2:$AJ$412)), pokemon!$T$2:$T$412))} -> 3 | H16: {=MIN(IF(($A16=pokemon!$AC$2:$AC$412)*(pokemon!$AB$2:$AB$412 <> "Noble Form")*(ISBLANK(pokemon!$AJ$2:$AJ$412)), pokemon!$T$2:$T$412))} -> 16 | I16: {=MAX(IF(($A16=pokemon!$AC$2:$AC$412)*(pokemon!$AB$2:$AB$412 <> "Noble Form")*(ISBLANK(pokemon!$AJ$2:$AJ$412)), pokemon!$T$2:$T$412))} -> 17 | J16: =I16-H16 -> 1
A17: Crunch | B17: dark | C17: 80 | D17: =IF(NOT(ISBLANK(C17)), IF(ISNUMBER(C17), ROUND((C17 - 5)/20, 0), C17), "") -> 4 | F17: When the target is next attacked, add 1 regular hit to the roll. | G17: {=COUNT(IF(($A17=pokemon!$AC$2:$AC$412)*(pokemon!$AB$2:$AB$412 <> "Noble Form")*(ISBLANK(pokemon!$AJ$2:$AJ$412)), pokemon!$T$2:$T$412))} -> 3 | H17: {=MIN(IF(($A17=pokemon!$AC$2:$AC$412)*(pokemon!$AB$2:$AB$412 <> "Noble Form")*(ISBLANK(pokemon!$AJ$2:$AJ$412)), pokemon!$T$2:$T$412))} -> 14 | I17: {=MAX(IF(($A17=pokemon!$AC$2:$AC$412)*(pokemon!$AB$2:$AB$412 <> "Noble Form")*(ISBLANK(pokemon!$AJ$2:$AJ$412)), pokemon!$T$2:$T$412))} -> 18 | J17: =I17-H17 -> 4
A18: Hangry Wheel | B18: dark | C18: 60 | D18: =IF(NOT(ISBLANK(C18)), IF(ISNUMBER(C18), ROUND((C18 - 5)/20, 0), C18), "") -> 3 | E18: transform | F18: Inflict the Drowsy status on the target. | G18: {=COUNT(IF(($A18=pokemon!$AC$2:$AC$412)*(pokemon!$AB$2:$AB$412 <> "Noble Form")*(ISBLANK(pokemon!$AJ$2:$AJ$412)), pokemon!$T$2:$T$412))} -> 1 | H18: {=MIN(IF(($A18=pokemon!$AC$2:$AC$412)*(pokemon!$AB$2:$AB$412 <> "Noble Form")*(ISBLANK(pokemon!$AJ$2:$AJ$412)), pokemon!$T$2:$T$412))} -> 15 | I18: {=MAX(IF(($A18=pokemon!$AC$2:$AC$412)*(pokemon!$AB$2:$AB$412 <> "Noble Form")*(ISBLANK(pokemon!$AJ$2:$AJ$412)), pokemon!$T$2:$T$412))} -> 15 | J18: =I18-H18 -> 0
A19: Night Daze | B19: dark | C19: 100 | D19: =IF(NOT(ISBLANK(C19)), IF(ISNUMBER(C19), ROUND((C19 - 5)/20, 0), C19), "") -> 5 | F19: If 2 or more status symbols are rolled: Inflict the Drowsy status on the target. | G19: {=COUNT(IF(($A19=pokemon!$AC$2:$AC$412)*(pokemon!$AB$2:$AB$412 <> "Noble Form")*(ISBLANK(pokemon!$AJ$2:$AJ$412)), pokemon!$T$2:$T$412))} -> 1 | H19: {=MIN(IF(($A19=pokemon!$AC$2:$AC$412)*(pokemon!$AB$2:$AB$412 <> "Noble Form")*(ISBLANK(pokemon!$AJ$2:$AJ$412)), pokemon!$T$2:$T$412))} -> 17 | I19: {=MAX(IF(($A19=pokemon!$AC$2:$AC$412)*(pokemon!$AB$2:$AB$412 <> "Noble Form")*(ISBLANK(pokemon!$AJ$2:$AJ$412)), pokemon!$T$2:$T$412))} -> 17 | J19: =I19-H19 -> 0
A20: Chomp | B20: dark | C20: 100 | D20: =IF(NOT(ISBLANK(C20)), IF(ISNUMBER(C20), ROUND((C20 - 5)/20, 0), C20), "") -> 5 | F20: When the target is next attacked, add 1 regular hit to the roll. | G20: {=COUNT(IF(($A20=pokemon!$AC$2:$AC$412)*(pokemon!$AB$2:$AB$412 <> "Noble Form")*(ISBLANK(pokemon!$AJ$2:$AJ$412)), pokemon!$T$2:$T$412))} -> 1 | H20: {=MIN(IF(($A20=pokemon!$AC$2:$AC$412)*(pokemon!$AB$2:$AB$412 <> "Noble Form")*(ISBLANK(pokemon!$AJ$2:$AJ$412)), pokemon!$T$2:$T$412))} -> 28 | I20: {=MAX(IF(($A20=pokemon!$AC$2:$AC$412)*(pokemon!$AB$2:$AB$412 <> "Noble Form")*(ISBLANK(pokemon!$AJ$2:$AJ$412)), pokemon!$T$2:$T$412))} -> 28 | J20: =I20-H20 -> 0
A21: Foul Play | B21: dark | C21: ? | D21: =IF(NOT(ISBLANK(C21)), IF(ISNUMBER(C21), ROUND((C21 - 5)/20, 0), C21), "") -> ? | F21: Copy the attack strength of a move the target knows. Minimum 1 attack strength. | G21: {=COUNT(IF(($A21=pokemon!$AC$2:$AC$412)*(pokemon!$AB$2:$AB$412 <> "Noble Form")*(ISBLANK(pokemon!$AJ$2:$AJ$412)), pokemon!$T$2:$T$412))} -> 1 | H21: {=MIN(IF(($A21=pokemon!$AC$2:$AC$412)*(pokemon!$AB$2:$AB$412 <> "Noble Form")*(ISBLANK(pokemon!$AJ$2:$AJ$412)), pokemon!$T$2:$T$412))} -> 11 | I21: {=MAX(IF(($A21=pokemon!$AC$2:$AC$412)*(pokemon!$AB$2:$AB$412 <> "Noble Form")*(ISBLANK(pokemon!$AJ$2:$AJ$412)), pokemon!$T$2:$T$412))} -> 11 | J21: =I21-H21 -> 0
A22: Aura Storm | B22: dark | C22: 80 | D22: =IF(NOT(ISBLANK(C22)), IF(ISNUMBER(C22), ROUND((C22 - 5)/20, 0), C22), "") -> 4 | F22: Status symbols deal +1 damage. | G22: {=COUNT(IF(($A22=pokemon!$AC$2:$AC$412)*(pokemon!$AB$2:$AB$412 <> "Noble Form")*(ISBLANK(pokemon!$AJ$2:$AJ$412)), pokemon!$T$2:$T$412))} -> 1 | H22: {=MIN(IF(($A22=pokemon!$AC$2:$AC$412)*(pokemon!$AB$2:$AB$412 <> "Noble Form")*(ISBLANK(pokemon!$AJ$2:$AJ$412)), pokemon!$T$2:$T$412))} -> 21 | I22: {=MAX(IF(($A22=pokemon!$AC$2:$AC$412)*(pokemon!$AB$2:$AB$412 <> "Noble Form")*(ISBLANK(pokemon!$AJ$2:$AJ$412)), pokemon!$T$2:$T$412))} -> 21 | J22: =I22-H22 -> 0
A23: Twister | B23: dragon | C23: 45 | D23: =IF(NOT(ISBLANK(C23)), IF(ISNUMBER(C23), ROUND((C23 - 5)/20, 0), C23), "") -> 2 | F23: Inflict the Paralysed status on the target. | G23: {=COUNT(IF(($A23=pokemon!$AC$2:$AC$412)*(pokemon!$AB$2:$AB$412 <> "Noble Form")*(ISBLANK(pokemon!$AJ$2:$AJ$412)), pokemon!$T$2:$T$412))} -> 1 | H23: {=MIN(IF(($A23=pokemon!$AC$2:$AC$412)*(pokemon!$AB$2:$AB$412 <> "Noble Form")*(ISBLANK(pokemon!$AJ$2:$AJ$412)), pokemon!$T$2:$T$412))} -> 10 | I23: {=MAX(IF(($A23=pokemon!$AC$2:$AC$412)*(pokemon!$AB$2:$AB$412 <> "Noble Form")*(ISBLANK(pokemon!$AJ$2:$AJ$412)), pokemon!$T$2:$T$412))} -> 10 | J23: =I23-H23 -> 0
A24: Dual Chop | B24: dragon | C24: 40 | D24: =IF(NOT(ISBLANK(C24)), IF(ISNUMBER(C24), ROUND((C24 - 5)/20, 0), C24), "") -> 2 | F24: Regular hits deal +1 damage. | G24: {=COUNT(IF(($A24=pokemon!$AC$2:$AC$412)*(pokemon!$AB$2:$AB$412 <> "Noble Form")*(ISBLANK(pokemon!$AJ$2:$AJ$412)), pokemon!$T$2:$T$412))} -> 1 | H24: {=MIN(IF(($A24=pokemon!$AC$2:$AC$412)*(pokemon!$AB$2:$AB$412 <> "Noble Form")*(ISBLANK(pokemon!$AJ$2:$AJ$412)), pokemon!$T$2:$T$412))} -> 14 | I24: {=MAX(IF(($A24=pokemon!$AC$2:$AC$412)*(pokemon!$AB$2:$AB$412 <> "Noble Form")*(ISBLANK(pokemon!$AJ$2:$AJ$412)), pokemon!$T$2:$T$412))} -> 14 | J24: =I24-H24 -> 0
A25: Dragon Breath | B25: dragon | C25: 60 | D25: =IF(NOT(ISBLANK(C25)), IF(ISNUMBER(C25), ROUND((C25 - 5)/20, 0), C25), "") -> 3 | F25: If any status symbols are rolled: Inflict the Burned status on the target. | G25: {=COUNT(IF(($A25=pokemon!$AC$2:$AC$412)*(pokemon!$AB$2:$AB$412 <> "Noble Form")*(ISBLANK(pokemon!$AJ$2:$AJ$412)), pokemon!$T$2:$T$412))} -> 1 | H25: {=MIN(IF(($A25=pokemon!$AC$2:$AC$412)*(pokemon!$AB$2:$AB$412 <> "Noble Form")*(ISBLANK(pokemon!$AJ$2:$AJ$412)), pokemon!$T$2:$T$412))} -> 10 | I25: {=MAX(IF(($A25=pokemon!$AC$2:$AC$412)*(pokemon!$AB$2:$AB$412 <> "Noble Form")*(ISBLANK(pokemon!$AJ$2:$AJ$412)), pokemon!$T$2:$T$412))} -> 10 | J25: =I25-H25 -> 0
A26: Spacial Rend | B26: dragon | C26: 90 | D26: =IF(NOT(ISBLANK(C26)), IF(ISNUMBER(C26), ROUND((C26 - 5)/20, 0), C26), "") -> 4 | F26: Critical hits deal +2 damage. | G26: {=COUNT(IF(($A26=pokemon!$AC$2:$AC$412)*(pokemon!$AB$2:$AB$412 <> "Noble Form")*(ISBLANK(pokemon!$AJ$2:$AJ$412)), pokemon!$T$2:$T$412))} -> 1 | H26: {=MIN(IF(($A26=pokemon!$AC$2:$AC$412)*(pokemon!$AB$2:$AB$412 <> "Noble Form")*(ISBLANK(pokemon!$AJ$2:$AJ$412)), pokemon!$T$2:$T$412))} -> 23 | I26: {=MAX(IF(($A26=pokemon!$AC$2:$AC$412)*(pokemon!$AB$2:$AB$412 <> "Noble Form")*(ISBLANK(pokemon!$AJ$2:$AJ$412)), pokemon!$T$2:$T$412))} -> 23 | J26: =I26-H26 -> 0
A27: Dragon Pulse | B27: dragon | C27: 80 | D27: =IF(NOT(ISBLANK(C27)), IF(ISNUMBER(C27), ROUND((C27 - 5)/20, 0), C27), "") -> 4 | F27: Status symbols deal +1 damage. | G27: {=COUNT(IF(($A27=pokemon!$AC$2:$AC$412)*(pokemon!$AB$2:$AB$412 <> "Noble Form")*(ISBLANK(pokemon!$AJ$2:$AJ$412)), pokemon!$T$2:$T$412))} -> 3 | H27: {=MIN(IF(($A27=pokemon!$AC$2:$AC$412)*(pokemon!$AB$2:$AB$412 <> "Noble Form")*(ISBLANK(pokemon!$AJ$2:$AJ$412)), pokemon!$T$2:$T$412))} -> 16 | I27: {=MAX(IF(($A27=pokemon!$AC$2:$AC$412)*(pokemon!$AB$2:$AB$412 <> "Noble Form")*(ISBLANK(pokemon!$AJ$2:$AJ$412)), pokemon!$T$2:$T$412))} -> 20 | J27: =I27-H27 -> 4
A28: Draco Meteor | B28: dragon | C28: 100 | D28: =IF(NOT(ISBLANK(C28)), IF(ISNUMBER(C28), ROUND((C28 - 5)/20, 0), C28), "") -> 5 | F28: During this attack and when the user is next attacked, status symbols deal +1 damage. | G28: {=COUNT(IF(($A28=pokemon!$AC$2:$AC$412)*(pokemon!$AB$2:$AB$412 <> "Noble Form")*(ISBLANK(pokemon!$AJ$2:$AJ$412)), pokemon!$T$2:$T$412))} -> 1 | H28: {=MIN(IF(($A28=pokemon!$AC$2:$AC$412)*(pokemon!$AB$2:$AB$412 <> "Noble Form")*(ISBLANK(pokemon!$AJ$2:$AJ$412)), pokemon!$T$2:$T$412))} -> 20 | I28: {=MAX(IF(($A28=pokemon!$AC$2:$AC$412)*(pokemon!$AB$2:$AB$412 <> "Noble Form")*(ISBLANK(pokemon!$AJ$2:$AJ$412)), pokemon!$T$2:$T$412))} -> 20 | J28: =I28-H28 -> 0
A29: Dragon Rush | B29: dragon | C29: 100 | D29: =IF(NOT(ISBLANK(C29)), IF(ISNUMBER(C29), ROUND((C29 - 5)/20, 0), C29), "") -> 5 | F29: If 2 or more status symbols are rolled: Inflict the Paralysed status on the target. | G29: {=COUNT(IF(($A29=pokemon!$AC$2:$AC$412)*(pokemon!$AB$2:$AB$412 <> "Noble Form")*(ISBLANK(pokemon!$AJ$2:$AJ$412)), pokemon!$T$2:$T$412))} -> 2 | H29: {=MIN(IF(($A29=pokemon!$AC$2:$AC$412)*(pokemon!$AB$2:$AB$412 <> "Noble Form")*(ISBLANK(pokemon!$AJ$2:$AJ$412)), pokemon!$T$2:$T$412))} -> 20 | I29: {=MAX(IF(($A29=pokemon!$AC$2:$AC$412)*(pokemon!$AB$2:$AB$412 <> "Noble Form")*(ISBLANK(pokemon!$AJ$2:$AJ$412)), pokemon!$T$2:$T$412))} -> 20 | J29: =I29-H29 -> 0
A30: Renegade Fury | B30: dragon | C30: 100 | D30: =IF(NOT(ISBLANK(C30)), IF(ISNUMBER(C30), ROUND((C30 - 5)/20, 0), C30), "") -> 5 | F30: If the target faints, any remaining damage from this attack is applied to the next Pokémon switched in. | G30: {=COUNT(IF(($A30=pokemon!$AC$2:$AC$412)*(pokemon!$AB$2:$AB$412 <> "Noble Form")*(ISBLANK(pokemon!$AJ$2:$AJ$412)), pokemon!$T$2:$T$412))} -> 1 | H30: {=MIN(IF(($A30=pokemon!$AC$2:$AC$412)*(pokemon!$AB$2:$AB$412 <> "Noble Form")*(ISBLANK(pokemon!$AJ$2:$AJ$412)), pokemon!$T$2:$T$412))} -> 24 | I30: {=MAX(IF(($A30=pokemon!$AC$2:$AC$412)*(pokemon!$AB$2:$AB$412 <> "Noble Form")*(ISBLANK(pokemon!$AJ$2:$AJ$412)), pokemon!$T$2:$T$412))} -> 24 | J30: =I30-H30 -> 0
A31: Outrage | B31: dragon | C31: 100 | D31: =IF(NOT(ISBLANK(C31)), IF(ISNUMBER(C31), ROUND((C31 - 5)/20, 0), C31), "") -> 5 | F31: Inflict the Confused status on the user. Deal any damage taken by the user during this attack to the target as well. | G31: {=COUNT(IF(($A31=pokemon!$AC$2:$AC$412)*(pokemon!$AB$2:$AB$412 <> "Noble Form")*(ISBLANK(pokemon!$AJ$2:$AJ$412)), pokemon!$T$2:$T$412))} -> 2 | H31: {=MIN(IF(($A31=pokemon!$AC$2:$AC$412)*(pokemon!$AB$2:$AB$412 <> "Noble Form")*(ISBLANK(pokemon!$AJ$2:$AJ$412)), pokemon!$T$2:$T$412))} -> 19 | I31: {=MAX(IF(($A31=pokemon!$AC$2:$AC$412)*(pokemon!$AB$2:$AB$412 <> "Noble Form")*(ISBLANK(pokemon!$AJ$2:$AJ$412)), pokemon!$T$2:$T$412))} -> 20 | J31: =I31-H31 -> 1
A32: Roar of Time | B32: dragon | C32: 120 | D32: =IF(NOT(ISBLANK(C32)), IF(ISNUMBER(C32), ROUND((C32 - 5)/20, 0), C32), "") -> 6 | E32: decisive | F32: Increase the battle fatigue of the user by 1. | G32: {=COUNT(IF(($A32=pokemon!$AC$2:$AC$412)*(pokemon!$AB$2:$AB$412 <> "Noble Form")*(ISBLANK(pokemon!$AJ$2:$AJ$412)), pokemon!$T$2:$T$412))} -> 1 | H32: {=MIN(IF(($A32=pokemon!$AC$2:$AC$412)*(pokemon!$AB$2:$AB$412 <> "Noble Form")*(ISBLANK(pokemon!$AJ$2:$AJ$412)), pokemon!$T$2:$T$412))} -> 23 | I32: {=MAX(IF(($A32=pokemon!$AC$2:$AC$412)*(pokemon!$AB$2:$AB$412 <> "Noble Form")*(ISBLANK(pokemon!$AJ$2:$AJ$412)), pokemon!$T$2:$T$412))} -> 23 | J32: =I32-H32 -> 0
A33: Dragon Boom | B33: dragon | C33: 80 | D33: =IF(NOT(ISBLANK(C33)), IF(ISNUMBER(C33), ROUND((C33 - 5)/20, 0), C33), "") -> 4 | F33: If any status symbols are rolled: Inflict the Paralysed status on the target. | G33: {=COUNT(IF(($A33=pokemon!$AC$2:$AC$412)*(pokemon!$AB$2:$AB$412 <> "Noble Form")*(ISBLANK(pokemon!$AJ$2:$AJ$412)), pokemon!$T$2:$T$412))} -> 1 | H33: {=MIN(IF(($A33=pokemon!$AC$2:$AC$412)*(pokemon!$AB$2:$AB$412 <> "Noble Form")*(ISBLANK(pokemon!$AJ$2:$AJ$412)), pokemon!$T$2:$T$412))} -> 21 | I33: {=MAX(IF(($A33=pokemon!$AC$2:$AC$412)*(pokemon!$AB$2:$AB$412 <> "Noble Form")*(ISBLANK(pokemon!$AJ$2:$AJ$412)), pokemon!$T$2:$T$412))} -> 21 | J33: =I33-H33 -> 0
A34: Maw Protocol | B34: dragon | C34: 60 | D34: =IF(NOT(ISBLANK(C34)), IF(ISNUMBER(C34), ROUND((C34 - 5)/20, 0), C34), "") -> 3 | E34: boost | F34: Increase the initiative of the user by 3 and the attack strength of their moves by 1. | G34: {=COUNT(IF(($A34=pokemon!$AC$2:$AC$412)*(pokemon!$AB$2:$AB$412 <> "Noble Form")*(ISBLANK(pokemon!$AJ$2:$AJ$412)), pokemon!$T$2:$T$412))} -> 1 | H34: {=MIN(IF(($A34=pokemon!$AC$2:$AC$412)*(pokemon!$AB$2:$AB$412 <> "Noble Form")*(ISBLANK(pokemon!$AJ$2:$AJ$412)), pokemon!$T$2:$T$412))} -> 20 | I34: {=MAX(IF(($A34=pokemon!$AC$2:$AC$412)*(pokemon!$AB$2:$AB$412 <> "Noble Form")*(ISBLANK(pokemon!$AJ$2:$AJ$412)), pokemon!$T$2:$T$412))} -> 20 | J34: =I34-H34 -> 0
A35: Nuzzle | B35: electric | C35: 20 | D35: =IF(NOT(ISBLANK(C35)), IF(ISNUMBER(C35), ROUND((C35 - 5)/20, 0), C35), "") -> 1 | E35: agile | F35: Inflict the Paralysed status on the target. | G35: {=COUNT(IF(($A35=pokemon!$AC$2:$AC$412)*(pokemon!$AB$2:$AB$412 <> "Noble Form")*(ISBLANK(pokemon!$AJ$2:$AJ$412)), pokemon!$T$2:$T$412))} -> 2 | H35: {=MIN(IF(($A35=pokemon!$AC$2:$AC$412)*(pokemon!$AB$2:$AB$412 <> "Noble Form")*(ISBLANK(pokemon!$AJ$2:$AJ$412)), pokemon!$T$2:$T$412))} -> 10 | I35: {=MAX(IF(($A35=pokemon!$AC$2:$AC$412)*(pokemon!$AB$2:$AB$412 <> "Noble Form")*(ISBLANK(pokemon!$AJ$2:$AJ$412)), pokemon!$T$2:$T$412))} -> 14 | J35: =I35-H35 -> 4
A36: Ion Deluge | B36: electric | C36: 40 | D36: =IF(NOT(ISBLANK(C36)), IF(ISNUMBER(C36), ROUND((C36 - 5)/20, 0), C36), "") -> 2 | F36: Inflict both the Paralysed and Poisoned statuses on the target. | G36: {=COUNT(IF(($A36=pokemon!$AC$2:$AC$412)*(pokemon!$AB$2:$AB$412 <> "Noble Form")*(ISBLANK(pokemon!$AJ$2:$AJ$412)), pokemon!$T$2:$T$412))} -> 1 | H36: {=MIN(IF(($A36=pokemon!$AC$2:$AC$412)*(pokemon!$AB$2:$AB$412 <> "Noble Form")*(ISBLANK(pokemon!$AJ$2:$AJ$412)), pokemon!$T$2:$T$412))} -> 17 | I36: {=MAX(IF(($A36=pokemon!$AC$2:$AC$412)*(pokemon!$AB$2:$AB$412 <> "Noble Form")*(ISBLANK(pokemon!$AJ$2:$AJ$412)), pokemon!$T$2:$T$412))} -> 17 | J36: =I36-H36 -> 0
A37: Thunder Shock | B37: electric | C37: 40 | D37: =IF(NOT(ISBLANK(C37)), IF(ISNUMBER(C37), ROUND((C37 - 5)/20, 0), C37), "") -> 2 | F37: Inflict the Paralysed status on the target. | G37: {=COUNT(IF(($A37=pokemon!$AC$2:$AC$412)*(pokemon!$AB$2:$AB$412 <> "Noble Form")*(ISBLANK(pokemon!$AJ$2:$AJ$412)), pokemon!$T$2:$T$412))} -> 2 | H37: {=MIN(IF(($A37=pokemon!$AC$2:$AC$412)*(pokemon!$AB$2:$AB$412 <> "Noble Form")*(ISBLANK(pokemon!$AJ$2:$AJ$412)), pokemon!$T$2:$T$412))} -> 12 | I37: {=MAX(IF(($A37=pokemon!$AC$2:$AC$412)*(pokemon!$AB$2:$AB$412 <> "Noble Form")*(ISBLANK(pokemon!$AJ$2:$AJ$412)), pokemon!$T$2:$T$412))} -> 13 | J37: =I37-H37 -> 1
A38: Charge Beam | B38: electric | C38: 50 | D38: =IF(NOT(ISBLANK(C38)), IF(ISNUMBER(C38), ROUND((C38 - 5)/20, 0), C38), "") -> 2 | F38: When the target is next attacked, add 1 critical hit to the roll. | G38: {=COUNT(IF(($A38=pokemon!$AC$2:$AC$412)*(pokemon!$AB$2:$AB$412 <> "Noble Form")*(ISBLANK(pokemon!$AJ$2:$AJ$412)), pokemon!$T$2:$T$412))} -> 1 | H38: {=MIN(IF(($A38=pokemon!$AC$2:$AC$412)*(pokemon!$AB$2:$AB$412 <> "Noble Form")*(ISBLANK(pokemon!$AJ$2:$AJ$412)), pokemon!$T$2:$T$412))} -> 10 | I38: {=MAX(IF(($A38=pokemon!$AC$2:$AC$412)*(pokemon!$AB$2:$AB$412 <> "Noble Form")*(ISBLANK(pokemon!$AJ$2:$AJ$412)), pokemon!$T$2:$T$412))} -> 10 | J38: =I38-H38 -> 0
A39: Electro Wheel | B39: electric | C39: 60 | D39: =IF(NOT(ISBLANK(C39)), IF(ISNUMBER(C39), ROUND((C39 - 5)/20, 0), C39), "") -> 3 | E39: transform | F39: Inflict the Paralysed status on the target. | G39: {=COUNT(IF(($A39=pokemon!$AC$2:$AC$412)*(pokemon!$AB$2:$AB$412 <> "Noble Form")*(ISBLANK(pokemon!$AJ$2:$AJ$412)), pokemon!$T$2:$T$412))} -> 1 | H39: {=MIN(IF(($A39=pokemon!$AC$2:$AC$412)*(pokemon!$AB$2:$AB$412 <> "Noble Form")*(ISBLANK(pokemon!$AJ$2:$AJ$412)), pokemon!$T$2:$T$412))} -> 15 | I39: {=MAX(IF(($A39=pokemon!$AC$2:$AC$412)*(pokemon!$AB$2:$AB$412 <> "Noble Form")*(ISBLANK(pokemon!$AJ$2:$AJ$412)), pokemon!$T$2:$T$412))} -> 15 | J39: =I39-H39 -> 0
A40: Volt Switch | B40: electric | C40: 70 | D40: =IF(NOT(ISBLANK(C40)), IF(ISNUMBER(C40), ROUND((C40 - 5)/20, 0), C40), "") -> 3 | E40: switch | F40: When the target next attacks, remove 1 regular hit from the roll. | G40: {=COUNT(IF(($A40=pokemon!$AC$2:$AC$412)*(pokemon!$AB$2:$AB$412 <> "Noble Form")*(ISBLANK(pokemon!$AJ$2:$AJ$412)), pokemon!$T$2:$T$412))} -> 1 | H40: {=MIN(IF(($A40=pokemon!$AC$2:$AC$412)*(pokemon!$AB$2:$AB$412 <> "Noble Form")*(ISBLANK(pokemon!$AJ$2:$AJ$412)), pokemon!$T$2:$T$412))} -> 10 | I40: {=MAX(IF(($A40=pokemon!$AC$2:$AC$412)*(pokemon!$AB$2:$AB$412 <> "Noble Form")*(ISBLANK(pokemon!$AJ$2:$AJ$412)), pokemon!$T$2:$T$412))} -> 10 | J40: =I40-H40 -> 0
A41: Power Plant | B41: electric | C41: 60 | D41: =IF(NOT(ISBLANK(C41)), IF(ISNUMBER(C41), ROUND((C41 - 5)/20, 0), C41), "") -> 3 | E41: boost | F41: Heal 1 damage at the end of your turns and add 1 regular hit to your future attack rolls. | G41: {=COUNT(IF(($A41=pokemon!$AC$2:$AC$412)*(pokemon!$AB$2:$AB$412 <> "Noble Form")*(ISBLANK(pokemon!$AJ$2:$AJ$412)), pokemon!$T$2:$T$412))} -> 1 | H41: {=MIN(IF(($A41=pokemon!$AC$2:$AC$412)*(pokemon!$AB$2:$AB$412 <> "Noble Form")*(ISBLANK(pokemon!$AJ$2:$AJ$412)), pokemon!$T$2:$T$412))} -> 28 | I41: {=MAX(IF(($A41=pokemon!$AC$2:$AC$412)*(pokemon!$AB$2:$AB$412 <> "Noble Form")*(ISBLANK(pokemon!$AJ$2:$AJ$412)), pokemon!$T$2:$T$412))} -> 28 | J41: =I41-H41 -> 0
A42: Shocking Verity | B42: electric | C42: 80 | D42: =IF(NOT(ISBLANK(C42)), IF(ISNUMBER(C42), ROUND((C42 - 5)/20, 0), C42), "") -> 4 | F42: If any status symbols are rolled: Inflict the Paralysed status on the target and another Pokémon in the target party. | G42: {=COUNT(IF(($A42=pokemon!$AC$2:$AC$412)*(pokemon!$AB$2:$AB$412 <> "Noble Form")*(ISBLANK(pokemon!$AJ$2:$AJ$412)), pokemon!$T$2:$T$412))} -> 1 | H42: {=MIN(IF(($A42=pokemon!$AC$2:$AC$412)*(pokemon!$AB$2:$AB$412 <> "Noble Form")*(ISBLANK(pokemon!$AJ$2:$AJ$412)), pokemon!$T$2:$T$412))} -> 20 | I42: {=MAX(IF(($A42=pokemon!$AC$2:$AC$412)*(pokemon!$AB$2:$AB$412 <> "Noble Form")*(ISBLANK(pokemon!$AJ$2:$AJ$412)), pokemon!$T$2:$T$412))} -> 20 | J42: =I42-H42 -> 0
A43: Thunderbolt | B43: electric | C43: 80 | D43: =IF(NOT(ISBLANK(C43)), IF(ISNUMBER(C43), ROUND((C43 - 5)/20, 0), C43), "") -> 4 | F43: If any status symbols are rolled: Inflict the Paralysed status on the target. | G43: {=COUNT(IF(($A43=pokemon!$AC$2:$AC$412)*(pokemon!$AB$2:$AB$412 <> "Noble Form")*(ISBLANK(pokemon!$AJ$2:$AJ$412)), pokemon!$T$2:$T$412))} -> 1 | H43: {=MIN(IF(($A43=pokemon!$AC$2:$AC$412)*(pokemon!$AB$2:$AB$412 <> "Noble Form")*(ISBLANK(pokemon!$AJ$2:$AJ$412)), pokemon!$T$2:$T$412))} -> 17 | I43: {=MAX(IF(($A43=pokemon!$AC$2:$AC$412)*(pokemon!$AB$2:$AB$412 <> "Noble Form")*(ISBLANK(pokemon!$AJ$2:$AJ$412)), pokemon!$T$2:$T$412))} -> 17 | J43: =I43-H43 -> 0
A44: Wild Charge | B44: electric | C44: 85 | D44: =IF(NOT(ISBLANK(C44)), IF(ISNUMBER(C44), ROUND((C44 - 5)/20, 0), C44), "") -> 4 | F44: If the user knows another Electric-type move, deal 2 extra damage. | G44: {=COUNT(IF(($A44=pokemon!$AC$2:$AC$412)*(pokemon!$AB$2:$AB$412 <> "Noble Form")*(ISBLANK(pokemon!$AJ$2:$AJ$412)), pokemon!$T$2:$T$412))} -> 2 | H44: {=MIN(IF(($A44=pokemon!$AC$2:$AC$412)*(pokemon!$AB$2:$AB$412 <> "Noble Form")*(ISBLANK(pokemon!$AJ$2:$AJ$412)), pokemon!$T$2:$T$412))} -> 18 | I44: {=MAX(IF(($A44=pokemon!$AC$2:$AC$412)*(pokemon!$AB$2:$AB$412 <> "Noble Form")*(ISBLANK(pokemon!$AJ$2:$AJ$412)), pokemon!$T$2:$T$412))} -> 19 | J44: =I44-H44 -> 1
A45: Thunder Song | B45: electric | C45: 100 | D45: =IF(NOT(ISBLANK(C45)), IF(ISNUMBER(C45), ROUND((C45 - 5)/20, 0), C45), "") -> 5 | F45: For each other non-fainted Pokémon in your party with a Song move: Attack strength is increased by 1. | G45: {=COUNT(IF(($A45=pokemon!$AC$2:$AC$412)*(pokemon!$AB$2:$AB$412 <> "Noble Form")*(ISBLANK(pokemon!$AJ$2:$AJ$412)), pokemon!$T$2:$T$412))} -> 1 | H45: {=MIN(IF(($A45=pokemon!$AC$2:$AC$412)*(pokemon!$AB$2:$AB$412 <> "Noble Form")*(ISBLANK(pokemon!$AJ$2:$AJ$412)), pokemon!$T$2:$T$412))} -> 20 | I45: {=MAX(IF(($A45=pokemon!$AC$2:$AC$412)*(pokemon!$AB$2:$AB$412 <> "Noble Form")*(ISBLANK(pokemon!$AJ$2:$AJ$412)), pokemon!$T$2:$T$412))} -> 20 | J45: =I45-H45 -> 0
A46: Thunder | B46: electric | C46: 100 | D46: =IF(NOT(ISBLANK(C46)), IF(ISNUMBER(C46), ROUND((C46 - 5)/20, 0), C46), "") -> 5 | F46: If 2 or more status symbols are rolled: Inflict the Paralysed status on the target. | G46: {=COUNT(IF(($A46=pokemon!$AC$2:$AC$412)*(pokemon!$AB$2:$AB$412 <> "Noble Form")*(ISBLANK(pokemon!$AJ$2:$AJ$412)), pokemon!$T$2:$T$412))} -> 2 | H46: {=MIN(IF(($A46=pokemon!$AC$2:$AC$412)*(pokemon!$AB$2:$AB$412 <> "Noble Form")*(ISBLANK(pokemon!$AJ$2:$AJ$412)), pokemon!$T$2:$T$412))} -> 18 | I46: {=MAX(IF(($A46=pokemon!$AC$2:$AC$412)*(pokemon!$AB$2:$AB$412 <> "Noble Form")*(ISBLANK(pokemon!$AJ$2:$AJ$412)), pokemon!$T$2:$T$412))} -> 18 | J46: =I46-H46 -> 0
A47: Zap Cannon | B47: electric | C47: 110 | D47: =IF(NOT(ISBLANK(C47)), IF(ISNUMBER(C47), ROUND((C47 - 5)/20, 0), C47), "") -> 5 | F47: Inflict the Paralysed status on the target. Status symbols deal -1 damage. | G47: {=COUNT(IF(($A47=pokemon!$AC$2:$AC$412)*(pokemon!$AB$2:$AB$412 <> "Noble Form")*(ISBLANK(pokemon!$AJ$2:$AJ$412)), pokemon!$T$2:$T$412))} -> 1 | H47: {=MIN(IF(($A47=pokemon!$AC$2:$AC$412)*(pokemon!$AB$2:$AB$412 <> "Noble Form")*(ISBLANK(pokemon!$AJ$2:$AJ$412)), pokemon!$T$2:$T$412))} -> 17 | I47: {=MAX(IF(($A47=pokemon!$AC$2:$AC$412)*(pokemon!$AB$2:$AB$412 <> "Noble Form")*(ISBLANK(pokemon!$AJ$2:$AJ$412)), pokemon!$T$2:$T$412))} -> 17 | J47: =I47-H47 -> 0
A48: Electro Ball | B48: electric | C48: ? | D48: =IF(NOT(ISBLANK(C48)), IF(ISNUMBER(C48), ROUND((C48 - 5)/20, 0), C48), "") -> ? | F48: Attack strength is equal to half the current initiative of the user, rounded down. Maximum 5 attack strength. | G48: {=COUNT(IF(($A48=pokemon!$AC$2:$AC$412)*(pokemon!$AB$2:$AB$412 <> "Noble Form")*(ISBLANK(pokemon!$AJ$2:$AJ$412)), pokemon!$T$2:$T$412))} -> 1 | H48: {=MIN(IF(($A48=pokemon!$AC$2:$AC$412)*(pokemon!$AB$2:$AB$412 <> "Noble Form")*(ISBLANK(pokemon!$AJ$2:$AJ$412)), pokemon!$T$2:$T$412))} -> 12 | I48: {=MAX(IF(($A48=pokemon!$AC$2:$AC$412)*(pokemon!$AB$2:$AB$412 <> "Noble Form")*(ISBLANK(pokemon!$AJ$2:$AJ$412)), pokemon!$T$2:$T$412))} -> 12 | J48: =I48-H48 -> 0
A49: Galvanic Protocol | B49: electric | C49: 60 | D49: =IF(NOT(ISBLANK(C49)), IF(ISNUMBER(C49), ROUND((C49 - 5)/20, 0), C49), "") -> 3 | E49: boost | F49: When the user is attacked, force the attack to become Electric-type until the end of the turn. | G49: {=COUNT(IF(($A49=pokemon!$AC$2:$AC$412)*(pokemon!$AB$2:$AB$412 <> "Noble Form")*(ISBLANK(pokemon!$AJ$2:$AJ$412)), pokemon!$T$2:$T$412))} -> 1 | H49: {=MIN(IF(($A49=pokemon!$AC$2:$AC$412)*(pokemon!$AB$2:$AB$412 <> "Noble Form")*(ISBLANK(pokemon!$AJ$2:$AJ$412)), pokemon!$T$2:$T$412))} -> 20 | I49: {=MAX(IF(($A49=pokemon!$AC$2:$AC$412)*(pokemon!$AB$2:$AB$412 <> "Noble Form")*(ISBLANK(pokemon!$AJ$2:$AJ$412)), pokemon!$T$2:$T$412))} -> 20 | J49: =I49-H49 -> 0
A50: Sweet Kiss | B50: fairy | C50: 20 | D50: 1 | E50: agile | F50: Inflict the Confused status on the target. | G50: {=COUNT(IF(($A50=pokemon!$AC$2:$AC$412)*(pokemon!$AB$2:$AB$412 <> "Noble Form")*(ISBLANK(pokemon!$AJ$2:$AJ$412)), pokemon!$T$2:$T$412))} -> 1 | H50: {=MIN(IF(($A50=pokemon!$AC$2:$AC$412)*(pokemon!$AB$2:$AB$412 <> "Noble Form")*(ISBLANK(pokemon!$AJ$2:$AJ$412)), pokemon!$T$2:$T$412))} -> 8 | I50: {=MAX(IF(($A50=pokemon!$AC$2:$AC$412)*(pokemon!$AB$2:$AB$412 <> "Noble Form")*(ISBLANK(pokemon!$AJ$2:$AJ$412)), pokemon!$T$2:$T$412))} -> 8 | J50: =I50-H50 -> 0
A51: Draining Kiss | B51: fairy | C51: 50 | D51: =IF(NOT(ISBLANK(C51)), IF(ISNUMBER(C51), ROUND((C51 - 5)/20, 0), C51), "") -> 2 | F51: Heal 1 damage and inflict the Drowsy status on the target. | G51: {=COUNT(IF(($A51=pokemon!$AC$2:$AC$412)*(pokemon!$AB$2:$AB$412 <> "Noble Form")*(ISBLANK(pokemon!$AJ$2:$AJ$412)), pokemon!$T$2:$T$412))} -> 1 | H51: {=MIN(IF(($A51=pokemon!$AC$2:$AC$412)*(pokemon!$AB$2:$AB$412 <> "Noble Form")*(ISBLANK(pokemon!$AJ$2:$AJ$412)), pokemon!$T$2:$T$412))} -> 10 | I51: {=MAX(IF(($A51=pokemon!$AC$2:$AC$412)*(pokemon!$AB$2:$AB$412 <> "Noble Form")*(ISBLANK(pokemon!$AJ$2:$AJ$412)), pokemon!$T$2:$T$412))} -> 10 | J51: =I51-H51 -> 0
A52: Moonlight | B52: fairy | C52: 40 | D52: =IF(NOT(ISBLANK(C52)), IF(ISNUMBER(C52), ROUND((C52 - 5)/20, 0), C52), "") -> 2 | E52: boost | F52: Heal 2 damage at the end of your turns. | G52: {=COUNT(IF(($A52=pokemon!$AC$2:$AC$412)*(pokemon!$AB$2:$AB$412 <> "Noble Form")*(ISBLANK(pokemon!$AJ$2:$AJ$412)), pokemon!$T$2:$T$412))} -> 1 | H52: {=MIN(IF(($A52=pokemon!$AC$2:$AC$412)*(pokemon!$AB$2:$AB$412 <> "Noble Form")*(ISBLANK(pokemon!$AJ$2:$AJ$412)), pokemon!$T$2:$T$412))} -> 14 | I52: {=MAX(IF(($A52=pokemon!$AC$2:$AC$412)*(pokemon!$AB$2:$AB$412 <> "Noble Form")*(ISBLANK(pokemon!$AJ$2:$AJ$412)), pokemon!$T$2:$T$412))} -> 14 | J52: =I52-H52 -> 0
A53: Flower Shield | B53: fairy | C53: 40 | D53: =IF(NOT(ISBLANK(C53)), IF(ISNUMBER(C53), ROUND((C53 - 5)/20, 0), C53), "") -> 2 | F53: When the user is next attacked, remove 1 critical hit from the roll. | G53: {=COUNT(IF(($A53=pokemon!$AC$2:$AC$412)*(pokemon!$AB$2:$AB$412 <> "Noble Form")*(ISBLANK(pokemon!$AJ$2:$AJ$412)), pokemon!$T$2:$T$412))} -> 1 | H53: {=MIN(IF(($A53=pokemon!$AC$2:$AC$412)*(pokemon!$AB$2:$AB$412 <> "Noble Form")*(ISBLANK(pokemon!$AJ$2:$AJ$412)), pokemon!$T$2:$T$412))} -> 10 | I53: {=MAX(IF(($A53=pokemon!$AC$2:$AC$412)*(pokemon!$AB$2:$AB$412 <> "Noble Form")*(ISBLANK(pokemon!$AJ$2:$AJ$412)), pokemon!$T$2:$T$412))} -> 10 | J53: =I53-H53 -> 0
A54: Fairy Lock | B54: fairy | C54: 60 | D54: =IF(NOT(ISBLANK(C54)), IF(ISNUMBER(C54), ROUND((C54 - 5)/20, 0), C54), "") -> 3 | E54: trap | F54: Inflict the Drowsy status on the target. | G54: {=COUNT(IF(($A54=pokemon!$AC$2:$AC$412)*(pokemon!$AB$2:$AB$412 <> "Noble Form")*(ISBLANK(pokemon!$AJ$2:$AJ$412)), pokemon!$T$2:$T$412))} -> 1 | H54: {=MIN(IF(($A54=pokemon!$AC$2:$AC$412)*(pokemon!$AB$2:$AB$412 <> "Noble Form")*(ISBLANK(pokemon!$AJ$2:$AJ$412)), pokemon!$T$2:$T$412))} -> 16 | I54: {=MAX(IF(($A54=pokemon!$AC$2:$AC$412)*(pokemon!$AB$2:$AB$412 <> "Noble Form")*(ISBLANK(pokemon!$AJ$2:$AJ$412)), pokemon!$T$2:$T$412))} -> 16 | J54: =I54-H54 -> 0
A55: Play Rough | B55: fairy | C55: 70 | D55: =IF(NOT(ISBLANK(C55)), IF(ISNUMBER(C55), ROUND((C55 - 5)/20, 0), C55), "") -> 3 | F55: When the target next attacks, remove 1 regular hit from the roll. | G55: {=COUNT(IF(($A55=pokemon!$AC$2:$AC$412)*(pokemon!$AB$2:$AB$412 <> "Noble Form")*(ISBLANK(pokemon!$AJ$2:$AJ$412)), pokemon!$T$2:$T$412))} -> 3 | H55: {=MIN(IF(($A55=pokemon!$AC$2:$AC$412)*(pokemon!$AB$2:$AB$412 <> "Noble Form")*(ISBLANK(pokemon!$AJ$2:$AJ$412)), pokemon!$T$2:$T$412))} -> 10 | I55: {=MAX(IF(($A55=pokemon!$AC$2:$AC$412)*(pokemon!$AB$2:$AB$412 <> "Noble Form")*(ISBLANK(pokemon!$AJ$2:$AJ$412)), pokemon!$T$2:$T$412))} -> 11 | J55: =I55-H55 -> 1
A56: Dazzling Gleam | B56: fairy | C56: 75 | D56: =IF(NOT(ISBLANK(C56)), IF(ISNUMBER(C56), ROUND((C56 - 5)/20, 0), C56), "") -> 4 | F56: When the target next attacks, status symbols deal -1 damage. | G56: {=COUNT(IF(($A56=pokemon!$AC$2:$AC$412)*(pokemon!$AB$2:$AB$412 <> "Noble Form")*(ISBLANK(pokemon!$AJ$2:$AJ$412)), pokemon!$T$2:$T$412))} -> 1 | H56: {=MIN(IF(($A56=pokemon!$AC$2:$AC$412)*(pokemon!$AB$2:$AB$412 <> "Noble Form")*(ISBLANK(pokemon!$AJ$2:$AJ$412)), pokemon!$T$2:$T$412))} -> 14 | I56: {=MAX(IF(($A56=pokemon!$AC$2:$AC$412)*(pokemon!$AB$2:$AB$412 <> "Noble Form")*(ISBLANK(pokemon!$AJ$2:$AJ$412)), pokemon!$T$2:$T$412))} -> 14 | J56: =I56-H56 -> 0
A57: Moonblast | B57: fairy | C57: 100 | D57: =IF(NOT(ISBLANK(C57)), IF(ISNUMBER(C57), ROUND((C57 - 5)/20, 0), C57), "") -> 5 | F57: If 2 or more status symbols are rolled: Inflict the Drowsy status on the target. | G57: {=COUNT(IF(($A57=pokemon!$AC$2:$AC$412)*(pokemon!$AB$2:$AB$412 <> "Noble Form")*(ISBLANK(pokemon!$AJ$2:$AJ$412)), pokemon!$T$2:$T$412))} -> 3 | H57: {=MIN(IF(($A57=pokemon!$AC$2:$AC$412)*(pokemon!$AB$2:$AB$412 <> "Noble Form")*(ISBLANK(pokemon!$AJ$2:$AJ$412)), pokemon!$T$2:$T$412))} -> 17 | I57: {=MAX(IF(($A57=pokemon!$AC$2:$AC$412)*(pokemon!$AB$2:$AB$412 <> "Noble Form")*(ISBLANK(pokemon!$AJ$2:$AJ$412)), pokemon!$T$2:$T$412))} -> 18 | J57: =I57-H57 -> 1
A58: Mid-Nap Snack | B58: fairy | C58: 80 | D58: =IF(NOT(ISBLANK(C58)), IF(ISNUMBER(C58), ROUND((C58 - 5)/20, 0), C58), "") -> 4 | F58: For each status symbol rolled: Heal 1 damage. | G58: {=COUNT(IF(($A58=pokemon!$AC$2:$AC$412)*(pokemon!$AB$2:$AB$412 <> "Noble Form")*(ISBLANK(pokemon!$AJ$2:$AJ$412)), pokemon!$T$2:$T$412))} -> 1 | H58: {=MIN(IF(($A58=pokemon!$AC$2:$AC$412)*(pokemon!$AB$2:$AB$412 <> "Noble Form")*(ISBLANK(pokemon!$AJ$2:$AJ$412)), pokemon!$T$2:$T$412))} -> 21 | I58: {=MAX(IF(($A58=pokemon!$AC$2:$AC$412)*(pokemon!$AB$2:$AB$412 <> "Noble Form")*(ISBLANK(pokemon!$AJ$2:$AJ$412)), pokemon!$T$2:$T$412))} -> 21 | J58: =I58-H58 -> 0
A59: Mach Punch | B59: fighting | C59: 40 | D59: =IF(NOT(ISBLANK(C59)), IF(ISNUMBER(C59), ROUND((C59 - 5)/20, 0), C59), "") -> 2 | E59: agile | F59: Status symbols deal +1 damage. | G59: {=COUNT(IF(($A59=pokemon!$AC$2:$AC$412)*(pokemon!$AB$2:$AB$412 <> "Noble Form")*(ISBLANK(pokemon!$AJ$2:$AJ$412)), pokemon!$T$2:$T$412))} -> 1 | H59: {=MIN(IF(($A59=pokemon!$AC$2:$AC$412)*(pokemon!$AB$2:$AB$412 <> "Noble Form")*(ISBLANK(pokemon!$AJ$2:$AJ$412)), pokemon!$T$2:$T$412))} -> 14 | I59: {=MAX(IF(($A59=pokemon!$AC$2:$AC$412)*(pokemon!$AB$2:$AB$412 <> "Noble Form")*(ISBLANK(pokemon!$AJ$2:$AJ$412)), pokemon!$T$2:$T$412))} -> 14 | J59: =I59-H59 -> 0
A60: Revenge | B60: fighting | C60: 50 | D60: =IF(NOT(ISBLANK(C60)), IF(ISNUMBER(C60), ROUND((C60 - 5)/20, 0), C60), "") -> 2 | F60: For each fainted Pokémon in your party: Attack strength is increased by 1. | G60: {=COUNT(IF(($A60=pokemon!$AC$2:$AC$412)*(pokemon!$AB$2:$AB$412 <> "Noble Form")*(ISBLANK(pokemon!$AJ$2:$AJ$412)), pokemon!$T$2:$T$412))} -> 1 | H60: {=MIN(IF(($A60=pokemon!$AC$2:$AC$412)*(pokemon!$AB$2:$AB$412 <> "Noble Form")*(ISBLANK(pokemon!$AJ$2:$AJ$412)), pokemon!$T$2:$T$412))} -> 10 | I60: {=MAX(IF(($A60=pokemon!$AC$2:$AC$412)*(pokemon!$AB$2:$AB$412 <> "Noble Form")*(ISBLANK(pokemon!$AJ$2:$AJ$412)), pokemon!$T$2:$T$412))} -> 10 | J60: =I60-H60 -> 0
A61: Bulk Up | B61: fighting | C61: 40 | D61: =IF(NOT(ISBLANK(C61)), IF(ISNUMBER(C61), ROUND((C61 - 5)/20, 0), C61), "") -> 2 | E61: boost | F61: Add 2 regular hits to your future attack rolls. | G61: {=COUNT(IF(($A61=pokemon!$AC$2:$AC$412)*(pokemon!$AB$2:$AB$412 <> "Noble Form")*(ISBLANK(pokemon!$AJ$2:$AJ$412)), pokemon!$T$2:$T$412))} -> 1 | H61: {=MIN(IF(($A61=pokemon!$AC$2:$AC$412)*(pokemon!$AB$2:$AB$412 <> "Noble Form")*(ISBLANK(pokemon!$AJ$2:$AJ$412)), pokemon!$T$2:$T$412))} -> 10 | I61: {=MAX(IF(($A61=pokemon!$AC$2:$AC$412)*(pokemon!$AB$2:$AB$412 <> "Noble Form")*(ISBLANK(pokemon!$AJ$2:$AJ$412)), pokemon!$T$2:$T$412))} -> 10 | J61: =I61-H61 -> 0
A62: Force Palm | B62: fighting | C62: 60 | D62: =IF(NOT(ISBLANK(C62)), IF(ISNUMBER(C62), ROUND((C62 - 5)/20, 0), C62), "") -> 3 | F62: Inflict the Paralysed status on the target but increase your battle fatigue by 2. | G62: {=COUNT(IF(($A62=pokemon!$AC$2:$AC$412)*(pokemon!$AB$2:$AB$412 <> "Noble Form")*(ISBLANK(pokemon!$AJ$2:$AJ$412)), pokemon!$T$2:$T$412))} -> 1 | H62: {=MIN(IF(($A62=pokemon!$AC$2:$AC$412)*(pokemon!$AB$2:$AB$412 <> "Noble Form")*(ISBLANK(pokemon!$AJ$2:$AJ$412)), pokemon!$T$2:$T$412))} -> 17 | I62: {=MAX(IF(($A62=pokemon!$AC$2:$AC$412)*(pokemon!$AB$2:$AB$412 <> "Noble Form")*(ISBLANK(pokemon!$AJ$2:$AJ$412)), pokemon!$T$2:$T$412))} -> 17 | J62: =I62-H62 -> 0
A63: Triple Kick | B63: fighting | C63: 60 | D63: =IF(NOT(ISBLANK(C63)), IF(ISNUMBER(C63), ROUND((C63 - 5)/20, 0), C63), "") -> 3 | F63: Regular hits deal +1 damage. | G63: {=COUNT(IF(($A63=pokemon!$AC$2:$AC$412)*(pokemon!$AB$2:$AB$412 <> "Noble Form")*(ISBLANK(pokemon!$AJ$2:$AJ$412)), pokemon!$T$2:$T$412))} -> 1 | H63: {=MIN(IF(($A63=pokemon!$AC$2:$AC$412)*(pokemon!$AB$2:$AB$412 <> "Noble Form")*(ISBLANK(pokemon!$AJ$2:$AJ$412)), pokemon!$T$2:$T$412))} -> 16 | I63: {=MAX(IF(($A63=pokemon!$AC$2:$AC$412)*(pokemon!$AB$2:$AB$412 <> "Noble Form")*(ISBLANK(pokemon!$AJ$2:$AJ$412)), pokemon!$T$2:$T$412))} -> 16 | J63: =I63-H63 -> 0
A64: Stinging Punch | B64: fighting | C64: 75 | D64: =IF(NOT(ISBLANK(C64)), IF(ISNUMBER(C64), ROUND((C64 - 5)/20, 0), C64), "") -> 4 | F64: Critical hits deal +1 damage and for each critical hit rolled: Heal 2 damage. | G64: {=COUNT(IF(($A64=pokemon!$AC$2:$AC$412)*(pokemon!$AB$2:$AB$412 <> "Noble Form")*(ISBLANK(pokemon!$AJ$2:$AJ$412)), pokemon!$T$2:$T$412))} -> 1 | H64: {=MIN(IF(($A64=pokemon!$AC$2:$AC$412)*(pokemon!$AB$2:$AB$412 <> "Noble Form")*(ISBLANK(pokemon!$AJ$2:$AJ$412)), pokemon!$T$2:$T$412))} -> 28 | I64: {=MAX(IF(($A64=pokemon!$AC$2:$AC$412)*(pokemon!$AB$2:$AB$412 <> "Noble Form")*(ISBLANK(pokemon!$AJ$2:$AJ$412)), pokemon!$T$2:$T$412))} -> 28 | J64: =I64-H64 -> 0
A65: Aura Sphere | B65: fighting | C65: 80 | D65: =IF(NOT(ISBLANK(C65)), IF(ISNUMBER(C65), ROUND((C65 - 5)/20, 0), C65), "") -> 4 | F65: Status symbols deal +1 damage. | G65: {=COUNT(IF(($A65=pokemon!$AC$2:$AC$412)*(pokemon!$AB$2:$AB$412 <> "Noble Form")*(ISBLANK(pokemon!$AJ$2:$AJ$412)), pokemon!$T$2:$T$412))} -> 1 | H65: {=MIN(IF(($A65=pokemon!$AC$2:$AC$412)*(pokemon!$AB$2:$AB$412 <> "Noble Form")*(ISBLANK(pokemon!$AJ$2:$AJ$412)), pokemon!$T$2:$T$412))} -> 18 | I65: {=MAX(IF(($A65=pokemon!$AC$2:$AC$412)*(pokemon!$AB$2:$AB$412 <> "Noble Form")*(ISBLANK(pokemon!$AJ$2:$AJ$412)), pokemon!$T$2:$T$412))} -> 18 | J65: =I65-H65 -> 0
A66: Sacred Sword | B66: fighting | C66: 90 | D66: =IF(NOT(ISBLANK(C66)), IF(ISNUMBER(C66), ROUND((C66 - 5)/20, 0), C66), "") -> 4 | F66: The dice rolled by this attack cannot be replaced or removed by any effect. | G66: {=COUNT(IF(($A66=pokemon!$AC$2:$AC$412)*(pokemon!$AB$2:$AB$412 <> "Noble Form")*(ISBLANK(pokemon!$AJ$2:$AJ$412)), pokemon!$T$2:$T$412))} -> 1 | H66: {=MIN(IF(($A66=pokemon!$AC$2:$AC$412)*(pokemon!$AB$2:$AB$412 <> "Noble Form")*(ISBLANK(pokemon!$AJ$2:$AJ$412)), pokemon!$T$2:$T$412))} -> 15 | I66: {=MAX(IF(($A66=pokemon!$AC$2:$AC$412)*(pokemon!$AB$2:$AB$412 <> "Noble Form")*(ISBLANK(pokemon!$AJ$2:$AJ$412)), pokemon!$T$2:$T$412))} -> 15 | J66: =I66-H66 -> 0
A67: High Jump Kick | B67: fighting | C67: 100 | D67: =IF(NOT(ISBLANK(C67)), IF(ISNUMBER(C67), ROUND((C67 - 5)/20, 0), C67), "") -> 5 | F67: Deals 4 extra damage to Flying-type Pokémon. For each status symbol rolled: The user takes 1 damage. | G67: {=COUNT(IF(($A67=pokemon!$AC$2:$AC$412)*(pokemon!$AB$2:$AB$412 <> "Noble Form")*(ISBLANK(pokemon!$AJ$2:$AJ$412)), pokemon!$T$2:$T$412))} -> 2 | H67: {=MIN(IF(($A67=pokemon!$AC$2:$AC$412)*(pokemon!$AB$2:$AB$412 <> "Noble Form")*(ISBLANK(pokemon!$AJ$2:$AJ$412)), pokemon!$T$2:$T$412))} -> 16 | I67: {=MAX(IF(($A67=pokemon!$AC$2:$AC$412)*(pokemon!$AB$2:$AB$412 <> "Noble Form")*(ISBLANK(pokemon!$AJ$2:$AJ$412)), pokemon!$T$2:$T$412))} -> 17 | J67: =I67-H67 -> 1
A68: Close Combat | B68: fighting | C68: 100 | D68: =IF(NOT(ISBLANK(C68)), IF(ISNUMBER(C68), ROUND((C68 - 5)/20, 0), C68), "") -> 5 | F68: During this attack and when the user is next attacked, status symbols deal +1 damage. | G68: {=COUNT(IF(($A68=pokemon!$AC$2:$AC$412)*(pokemon!$AB$2:$AB$412 <> "Noble Form")*(ISBLANK(pokemon!$AJ$2:$AJ$412)), pokemon!$T$2:$T$412))} -> 2 | H68: {=MIN(IF(($A68=pokemon!$AC$2:$AC$412)*(pokemon!$AB$2:$AB$412 <> "Noble Form")*(ISBLANK(pokemon!$AJ$2:$AJ$412)), pokemon!$T$2:$T$412))} -> 18 | I68: {=MAX(IF(($A68=pokemon!$AC$2:$AC$412)*(pokemon!$AB$2:$AB$412 <> "Noble Form")*(ISBLANK(pokemon!$AJ$2:$AJ$412)), pokemon!$T$2:$T$412))} -> 18 | J68: =I68-H68 -> 0
A69: Seismic Toss | B69: fighting | C69: ? | D69: =IF(NOT(ISBLANK(C69)), IF(ISNUMBER(C69), ROUND((C69 - 5)/20, 0), C69), "") -> ? | F69: Attack strength is equal to half the base health of the target, rounded down. Maximum 7 attack strength. | G69: {=COUNT(IF(($A69=pokemon!$AC$2:$AC$412)*(pokemon!$AB$2:$AB$412 <> "Noble Form")*(ISBLANK(pokemon!$AJ$2:$AJ$412)), pokemon!$T$2:$T$412))} -> 1 | H69: {=MIN(IF(($A69=pokemon!$AC$2:$AC$412)*(pokemon!$AB$2:$AB$412 <> "Noble Form")*(ISBLANK(pokemon!$AJ$2:$AJ$412)), pokemon!$T$2:$T$412))} -> 19 | I69: {=MAX(IF(($A69=pokemon!$AC$2:$AC$412)*(pokemon!$AB$2:$AB$412 <> "Noble Form")*(ISBLANK(pokemon!$AJ$2:$AJ$412)), pokemon!$T$2:$T$412))} -> 19 | J69: =I69-H69 -> 0
A70: Will-O-Wisp | B70: fire | C70: 20 | D70: =IF(NOT(ISBLANK(C70)), IF(ISNUMBER(C70), ROUND((C70 - 5)/20, 0), C70), "") -> 1 | E70: agile | F70: Inflict the Burned status on the target. | G70: {=COUNT(IF(($A70=pokemon!$AC$2:$AC$412)*(pokemon!$AB$2:$AB$412 <> "Noble Form")*(ISBLANK(pokemon!$AJ$2:$AJ$412)), pokemon!$T$2:$T$412))} -> 1 | H70: {=MIN(IF(($A70=pokemon!$AC$2:$AC$412)*(pokemon!$AB$2:$AB$412 <> "Noble Form")*(ISBLANK(pokemon!$AJ$2:$AJ$412)), pokemon!$T$2:$T$412))} -> 10 | I70: {=MAX(IF(($A70=pokemon!$AC$2:$AC$412)*(pokemon!$AB$2:$AB$412 <> "Noble Form")*(ISBLANK(pokemon!$AJ$2:$AJ$412)), pokemon!$T$2:$T$412))} -> 10 | J70: =I70-H70 -> 0
A71: Fire Lash | B71: fire | C71: 40 | D71: =IF(NOT(ISBLANK(C71)), IF(ISNUMBER(C71), ROUND((C71 - 5)/20, 0), C71), "") -> 2 | F71: Inflict both the Burned and Poisoned statuses on the target. | G71: {=COUNT(IF(($A71=pokemon!$AC$2:$AC$412)*(pokemon!$AB$2:$AB$412 <> "Noble Form")*(ISBLANK(pokemon!$AJ$2:$AJ$412)), pokemon!$T$2:$T$412))} -> 1 | H71: {=MIN(IF(($A71=pokemon!$AC$2:$AC$412)*(pokemon!$AB$2:$AB$412 <> "Noble Form")*(ISBLANK(pokemon!$AJ$2:$AJ$412)), pokemon!$T$2:$T$412))} -> 17 | I71: {=MAX(IF(($A71=pokemon!$AC$2:$AC$412)*(pokemon!$AB$2:$AB$412 <> "Noble Form")*(ISBLANK(pokemon!$AJ$2:$AJ$412)), pokemon!$T$2:$T$412))} -> 17 | J71: =I71-H71 -> 0
A72: Ember | B72: fire | C72: 40 | D72: =IF(NOT(ISBLANK(C72)), IF(ISNUMBER(C72), ROUND((C72 - 5)/20, 0), C72), "") -> 2 | F72: Inflict the Burned status on the target. | G72: {=COUNT(IF(($A72=pokemon!$AC$2:$AC$412)*(pokemon!$AB$2:$AB$412 <> "Noble Form")*(ISBLANK(pokemon!$AJ$2:$AJ$412)), pokemon!$T$2:$T$412))} -> 3 | H72: {=MIN(IF(($A72=pokemon!$AC$2:$AC$412)*(pokemon!$AB$2:$AB$412 <> "Noble Form")*(ISBLANK(pokemon!$AJ$2:$AJ$412)), pokemon!$T$2:$T$412))} -> 10 | I72: {=MAX(IF(($A72=pokemon!$AC$2:$AC$412)*(pokemon!$AB$2:$AB$412 <> "Noble Form")*(ISBLANK(pokemon!$AJ$2:$AJ$412)), pokemon!$T$2:$T$412))} -> 13 | J72: =I72-H72 -> 3
A73: Shell Trap | B73: fire | C73: 40 | D73: =IF(NOT(ISBLANK(C73)), IF(ISNUMBER(C73), ROUND((C73 - 5)/20, 0), C73), "") -> 2 | F73: When the user is next attacked, the attacker takes 5 damage if any critical hits are rolled. | G73: {=COUNT(IF(($A73=pokemon!$AC$2:$AC$412)*(pokemon!$AB$2:$AB$412 <> "Noble Form")*(ISBLANK(pokemon!$AJ$2:$AJ$412)), pokemon!$T$2:$T$412))} -> 1 | H73: {=MIN(IF(($A73=pokemon!$AC$2:$AC$412)*(pokemon!$AB$2:$AB$412 <> "Noble Form")*(ISBLANK(pokemon!$AJ$2:$AJ$412)), pokemon!$T$2:$T$412))} -> 16 | I73: {=MAX(IF(($A73=pokemon!$AC$2:$AC$412)*(pokemon!$AB$2:$AB$412 <> "Noble Form")*(ISBLANK(pokemon!$AJ$2:$AJ$412)), pokemon!$T$2:$T$412))} -> 16 | J73: =I73-H73 -> 0
A74: Fire Fang | B74: fire | C74: 65 | D74: =IF(NOT(ISBLANK(C74)), IF(ISNUMBER(C74), ROUND((C74 - 5)/20, 0), C74), "") -> 3 | F74: If any status symbols are rolled: Inflict the Burned status on the target. | G74: {=COUNT(IF(($A74=pokemon!$AC$2:$AC$412)*(pokemon!$AB$2:$AB$412 <> "Noble Form")*(ISBLANK(pokemon!$AJ$2:$AJ$412)), pokemon!$T$2:$T$412))} -> 1 | H74: {=MIN(IF(($A74=pokemon!$AC$2:$AC$412)*(pokemon!$AB$2:$AB$412 <> "Noble Form")*(ISBLANK(pokemon!$AJ$2:$AJ$412)), pokemon!$T$2:$T$412))} -> 12 | I74: {=MAX(IF(($A74=pokemon!$AC$2:$AC$412)*(pokemon!$AB$2:$AB$412 <> "Noble Form")*(ISBLANK(pokemon!$AJ$2:$AJ$412)), pokemon!$T$2:$T$412))} -> 12 | J74: =I74-H74 -> 0
A75: Flame Wheel | B75: fire | C75: 60 | D75: =IF(NOT(ISBLANK(C75)), IF(ISNUMBER(C75), ROUND((C75 - 5)/20, 0), C75), "") -> 3 | E75: switch | F75: When the target next attacks, remove 1 regular hit from the roll. | G75: {=COUNT(IF(($A75=pokemon!$AC$2:$AC$412)*(pokemon!$AB$2:$AB$412 <> "Noble Form")*(ISBLANK(pokemon!$AJ$2:$AJ$412)), pokemon!$T$2:$T$412))} -> 1 | H75: {=MIN(IF(($A75=pokemon!$AC$2:$AC$412)*(pokemon!$AB$2:$AB$412 <> "Noble Form")*(ISBLANK(pokemon!$AJ$2:$AJ$412)), pokemon!$T$2:$T$412))} -> 10 | I75: {=MAX(IF(($A75=pokemon!$AC$2:$AC$412)*(pokemon!$AB$2:$AB$412 <> "Noble Form")*(ISBLANK(pokemon!$AJ$2:$AJ$412)), pokemon!$T$2:$T$412))} -> 10 | J75: =I75-H75 -> 0
A76: Mystical Fire | B76: fire | C76: 70 | D76: =IF(NOT(ISBLANK(C76)), IF(ISNUMBER(C76), ROUND((C76 - 5)/20, 0), C76), "") -> 3 | F76: Inflict the Burned status on the target. If the target is already Burned, this move deals double damage. | G76: {=COUNT(IF(($A76=pokemon!$AC$2:$AC$412)*(pokemon!$AB$2:$AB$412 <> "Noble Form")*(ISBLANK(pokemon!$AJ$2:$AJ$412)), pokemon!$T$2:$T$412))} -> 1 | H76: {=MIN(IF(($A76=pokemon!$AC$2:$AC$412)*(pokemon!$AB$2:$AB$412 <> "Noble Form")*(ISBLANK(pokemon!$AJ$2:$AJ$412)), pokemon!$T$2:$T$412))} -> 17 | I76: {=MAX(IF(($A76=pokemon!$AC$2:$AC$412)*(pokemon!$AB$2:$AB$412 <> "Noble Form")*(ISBLANK(pokemon!$AJ$2:$AJ$412)), pokemon!$T$2:$T$412))} -> 17 | J76: =I76-H76 -> 0
A77: Blazing Valor | B77: fire | C77: 80 | D77: =IF(NOT(ISBLANK(C77)), IF(ISNUMBER(C77), ROUND((C77 - 5)/20, 0), C77), "") -> 4 | F77: If any status symbols are rolled: Inflict the Burned status on the target and another Pokémon in the target party. | G77: {=COUNT(IF(($A77=pokemon!$AC$2:$AC$412)*(pokemon!$AB$2:$AB$412 <> "Noble Form")*(ISBLANK(pokemon!$AJ$2:$AJ$412)), pokemon!$T$2:$T$412))} -> 1 | H77: {=MIN(IF(($A77=pokemon!$AC$2:$AC$412)*(pokemon!$AB$2:$AB$412 <> "Noble Form")*(ISBLANK(pokemon!$AJ$2:$AJ$412)), pokemon!$T$2:$T$412))} -> 20 | I77: {=MAX(IF(($A77=pokemon!$AC$2:$AC$412)*(pokemon!$AB$2:$AB$412 <> "Noble Form")*(ISBLANK(pokemon!$AJ$2:$AJ$412)), pokemon!$T$2:$T$412))} -> 20 | J77: =I77-H77 -> 0
A78: Flamethrower | B78: fire | C78: 80 | D78: =IF(NOT(ISBLANK(C78)), IF(ISNUMBER(C78), ROUND((C78 - 5)/20, 0), C78), "") -> 4 | F78: If any status symbols are rolled: Inflict the Burned status on the target. | G78: {=COUNT(IF(($A78=pokemon!$AC$2:$AC$412)*(pokemon!$AB$2:$AB$412 <> "Noble Form")*(ISBLANK(pokemon!$AJ$2:$AJ$412)), pokemon!$T$2:$T$412))} -> 2 | H78: {=MIN(IF(($A78=pokemon!$AC$2:$AC$412)*(pokemon!$AB$2:$AB$412 <> "Noble Form")*(ISBLANK(pokemon!$AJ$2:$AJ$412)), pokemon!$T$2:$T$412))} -> 17 | I78: {=MAX(IF(($A78=pokemon!$AC$2:$AC$412)*(pokemon!$AB$2:$AB$412 <> "Noble Form")*(ISBLANK(pokemon!$AJ$2:$AJ$412)), pokemon!$T$2:$T$412))} -> 17 | J78: =I78-H78 -> 0
A79: Lava Plume | B79: fire | C79: 80 | D79: =IF(NOT(ISBLANK(C79)), IF(ISNUMBER(C79), ROUND((C79 - 5)/20, 0), C79), "") -> 4 | F79: If the user knows another Fire-type move, deal 2 extra damage. | G79: {=COUNT(IF(($A79=pokemon!$AC$2:$AC$412)*(pokemon!$AB$2:$AB$412 <> "Noble Form")*(ISBLANK(pokemon!$AJ$2:$AJ$412)), pokemon!$T$2:$T$412))} -> 1 | H79: {=MIN(IF(($A79=pokemon!$AC$2:$AC$412)*(pokemon!$AB$2:$AB$412 <> "Noble Form")*(ISBLANK(pokemon!$AJ$2:$AJ$412)), pokemon!$T$2:$T$412))} -> 19 | I79: {=MAX(IF(($A79=pokemon!$AC$2:$AC$412)*(pokemon!$AB$2:$AB$412 <> "Noble Form")*(ISBLANK(pokemon!$AJ$2:$AJ$412)), pokemon!$T$2:$T$412))} -> 19 | J79: =I79-H79 -> 0
A80: Magma Storm | B80: fire | C80: 90 | D80: =IF(NOT(ISBLANK(C80)), IF(ISNUMBER(C80), ROUND((C80 - 5)/20, 0), C80), "") -> 4 | E80: trap | F80: Inflict the Burned status on the target. | G80: {=COUNT(IF(($A80=pokemon!$AC$2:$AC$412)*(pokemon!$AB$2:$AB$412 <> "Noble Form")*(ISBLANK(pokemon!$AJ$2:$AJ$412)), pokemon!$T$2:$T$412))} -> 1 | H80: {=MIN(IF(($A80=pokemon!$AC$2:$AC$412)*(pokemon!$AB$2:$AB$412 <> "Noble Form")*(ISBLANK(pokemon!$AJ$2:$AJ$412)), pokemon!$T$2:$T$412))} -> 20 | I80: {=MAX(IF(($A80=pokemon!$AC$2:$AC$412)*(pokemon!$AB$2:$AB$412 <> "Noble Form")*(ISBLANK(pokemon!$AJ$2:$AJ$412)), pokemon!$T$2:$T$412))} -> 20 | J80: =I80-H80 -> 0
A81: Fiery Dance | B81: fire | C81: 80 | D81: =IF(NOT(ISBLANK(C81)), IF(ISNUMBER(C81), ROUND((C81 - 5)/20, 0), C81), "") -> 4 | E81: boost | F81: Add 1 regular hit to your future attack rolls. | G81: {=COUNT(IF(($A81=pokemon!$AC$2:$AC$412)*(pokemon!$AB$2:$AB$412 <> "Noble Form")*(ISBLANK(pokemon!$AJ$2:$AJ$412)), pokemon!$T$2:$T$412))} -> 1 | H81: {=MIN(IF(($A81=pokemon!$AC$2:$AC$412)*(pokemon!$AB$2:$AB$412 <> "Noble Form")*(ISBLANK(pokemon!$AJ$2:$AJ$412)), pokemon!$T$2:$T$412))} -> 20 | I81: {=MAX(IF(($A81=pokemon!$AC$2:$AC$412)*(pokemon!$AB$2:$AB$412 <> "Noble Form")*(ISBLANK(pokemon!$AJ$2:$AJ$412)), pokemon!$T$2:$T$412))} -> 20 | J81: =I81-H81 -> 0
A82: Flare Blitz | B82: fire | C82: 100 | D82: =IF(NOT(ISBLANK(C82)), IF(ISNUMBER(C82), ROUND((C82 - 5)/20, 0), C82), "") -> 5 | F82: Critical hits deal +2 damage but for each critical hit rolled: The user takes 2 damage. | G82: {=COUNT(IF(($A82=pokemon!$AC$2:$AC$412)*(pokemon!$AB$2:$AB$412 <> "Noble Form")*(ISBLANK(pokemon!$AJ$2:$AJ$412)), pokemon!$T$2:$T$412))} -> 1 | H82: {=MIN(IF(($A82=pokemon!$AC$2:$AC$412)*(pokemon!$AB$2:$AB$412 <> "Noble Form")*(ISBLANK(pokemon!$AJ$2:$AJ$412)), pokemon!$T$2:$T$412))} -> 17 | I82: {=MAX(IF(($A82=pokemon!$AC$2:$AC$412)*(pokemon!$AB$2:$AB$412 <> "Noble Form")*(ISBLANK(pokemon!$AJ$2:$AJ$412)), pokemon!$T$2:$T$412))} -> 17 | J82: =I82-H82 -> 0
A83: Overheat | B83: fire | C83: 100 | D83: =IF(NOT(ISBLANK(C83)), IF(ISNUMBER(C83), ROUND((C83 - 5)/20, 0), C83), "") -> 5 | F83: During this attack and when the user is next attacked, status symbols deal +1 damage. | G83: {=COUNT(IF(($A83=pokemon!$AC$2:$AC$412)*(pokemon!$AB$2:$AB$412 <> "Noble Form")*(ISBLANK(pokemon!$AJ$2:$AJ$412)), pokemon!$T$2:$T$412))} -> 1 | H83: {=MIN(IF(($A83=pokemon!$AC$2:$AC$412)*(pokemon!$AB$2:$AB$412 <> "Noble Form")*(ISBLANK(pokemon!$AJ$2:$AJ$412)), pokemon!$T$2:$T$412))} -> 20 | I83: {=MAX(IF(($A83=pokemon!$AC$2:$AC$412)*(pokemon!$AB$2:$AB$412 <> "Noble Form")*(ISBLANK(pokemon!$AJ$2:$AJ$412)), pokemon!$T$2:$T$412))} -> 20 | J83: =I83-H83 -> 0
A84: Fire Song | B84: fire | C84: 100 | D84: =IF(NOT(ISBLANK(C84)), IF(ISNUMBER(C84), ROUND((C84 - 5)/20, 0), C84), "") -> 5 | F84: For each other non-fainted Pokémon in your party with a Song move: Attack strength is increased by 1. | G84: {=COUNT(IF(($A84=pokemon!$AC$2:$AC$412)*(pokemon!$AB$2:$AB$412 <> "Noble Form")*(ISBLANK(pokemon!$AJ$2:$AJ$412)), pokemon!$T$2:$T$412))} -> 1 | H84: {=MIN(IF(($A84=pokemon!$AC$2:$AC$412)*(pokemon!$AB$2:$AB$412 <> "Noble Form")*(ISBLANK(pokemon!$AJ$2:$AJ$412)), pokemon!$T$2:$T$412))} -> 20 | I84: {=MAX(IF(($A84=pokemon!$AC$2:$AC$412)*(pokemon!$AB$2:$AB$412 <> "Noble Form")*(ISBLANK(pokemon!$AJ$2:$AJ$412)), pokemon!$T$2:$T$412))} -> 20 | J84: =I84-H84 -> 0
A85: Fire Blast | B85: fire | C85: 100 | D85: =IF(NOT(ISBLANK(C85)), IF(ISNUMBER(C85), ROUND((C85 - 5)/20, 0), C85), "") -> 5 | F85: If 2 or more status symbols are rolled: Inflict the Burned status on the target. | G85: {=COUNT(IF(($A85=pokemon!$AC$2:$AC$412)*(pokemon!$AB$2:$AB$412 <> "Noble Form")*(ISBLANK(pokemon!$AJ$2:$AJ$412)), pokemon!$T$2:$T$412))} -> 2 | H85: {=MIN(IF(($A85=pokemon!$AC$2:$AC$412)*(pokemon!$AB$2:$AB$412 <> "Noble Form")*(ISBLANK(pokemon!$AJ$2:$AJ$412)), pokemon!$T$2:$T$412))} -> 17 | I85: {=MAX(IF(($A85=pokemon!$AC$2:$AC$412)*(pokemon!$AB$2:$AB$412 <> "Noble Form")*(ISBLANK(pokemon!$AJ$2:$AJ$412)), pokemon!$T$2:$T$412))} -> 18 | J85: =I85-H85 -> 1
A86: Inferno | B86: fire | C86: 110 | D86: =IF(NOT(ISBLANK(C86)), IF(ISNUMBER(C86), ROUND((C86 - 5)/20, 0), C86), "") -> 5 | F86: Inflict the Burned status on the target. Status symbols deal -1 damage. | G86: {=COUNT(IF(($A86=pokemon!$AC$2:$AC$412)*(pokemon!$AB$2:$AB$412 <> "Noble Form")*(ISBLANK(pokemon!$AJ$2:$AJ$412)), pokemon!$T$2:$T$412))} -> 1 | H86: {=MIN(IF(($A86=pokemon!$AC$2:$AC$412)*(pokemon!$AB$2:$AB$412 <> "Noble Form")*(ISBLANK(pokemon!$AJ$2:$AJ$412)), pokemon!$T$2:$T$412))} -> 18 | I86: {=MAX(IF(($A86=pokemon!$AC$2:$AC$412)*(pokemon!$AB$2:$AB$412 <> "Noble Form")*(ISBLANK(pokemon!$AJ$2:$AJ$412)), pokemon!$T$2:$T$412))} -> 18 | J86: =I86-H86 -> 0
A87: Raging Fury | B87: fire | C87: 100 | D87: =IF(NOT(ISBLANK(C87)), IF(ISNUMBER(C87), ROUND((C87 - 5)/20, 0), C87), "") -> 5 | F87: Inflict the Confused status on the user. Deal any damage taken by the user during this attack to the target as well. | G87: {=COUNT(IF(($A87=pokemon!$AC$2:$AC$412)*(pokemon!$AB$2:$AB$412 <> "Noble Form")*(ISBLANK(pokemon!$AJ$2:$AJ$412)), pokemon!$T$2:$T$412))} -> 1 | H87: {=MIN(IF(($A87=pokemon!$AC$2:$AC$412)*(pokemon!$AB$2:$AB$412 <> "Noble Form")*(ISBLANK(pokemon!$AJ$2:$AJ$412)), pokemon!$T$2:$T$412))} -> 18 | I87: {=MAX(IF(($A87=pokemon!$AC$2:$AC$412)*(pokemon!$AB$2:$AB$412 <> "Noble Form")*(ISBLANK(pokemon!$AJ$2:$AJ$412)), pokemon!$T$2:$T$412))} -> 18 | J87: =I87-H87 -> 0
A88: Mind Blown | B88: fire | C88: 180 | D88: =IF(NOT(ISBLANK(C88)), IF(ISNUMBER(C88), ROUND((C88 - 5)/20, 0), C88), "") -> 9 | E88: decisive | F88: The user takes 4 damage. | G88: {=COUNT(IF(($A88=pokemon!$AC$2:$AC$412)*(pokemon!$AB$2:$AB$412 <> "Noble Form")*(ISBLANK(pokemon!$AJ$2:$AJ$412)), pokemon!$T$2:$T$412))} -> 1 | H88: {=MIN(IF(($A88=pokemon!$AC$2:$AC$412)*(pokemon!$AB$2:$AB$412 <> "Noble Form")*(ISBLANK(pokemon!$AJ$2:$AJ$412)), pokemon!$T$2:$T$412))} -> 28 | I88: {=MAX(IF(($A88=pokemon!$AC$2:$AC$412)*(pokemon!$AB$2:$AB$412 <> "Noble Form")*(ISBLANK(pokemon!$AJ$2:$AJ$412)), pokemon!$T$2:$T$412))} -> 28 | J88: =I88-H88 -> 0
A89: Chest Thump | B89: fire | C89: 120 | D89: =IF(NOT(ISBLANK(C89)), IF(ISNUMBER(C89), ROUND((C89 - 5)/20, 0), C89), "") -> 6 | E89: transform | F89: Deal 2 damage to the user. | G89: {=COUNT(IF(($A89=pokemon!$AC$2:$AC$412)*(pokemon!$AB$2:$AB$412 <> "Noble Form")*(ISBLANK(pokemon!$AJ$2:$AJ$412)), pokemon!$T$2:$T$412))} -> 1 | H89: {=MIN(IF(($A89=pokemon!$AC$2:$AC$412)*(pokemon!$AB$2:$AB$412 <> "Noble Form")*(ISBLANK(pokemon!$AJ$2:$AJ$412)), pokemon!$T$2:$T$412))} -> 19 | I89: {=MAX(IF(($A89=pokemon!$AC$2:$AC$412)*(pokemon!$AB$2:$AB$412 <> "Noble Form")*(ISBLANK(pokemon!$AJ$2:$AJ$412)), pokemon!$T$2:$T$412))} -> 19 | J89: =I89-H89 -> 0
A90: Eruption | B90: fire | C90: ? | D90: =IF(NOT(ISBLANK(C90)), IF(ISNUMBER(C90), ROUND((C90 - 5)/20, 0), C90), "") -> ? | F90: Attack strength is equal to the current health of the user. Maximum 7 attack strength. | G90: {=COUNT(IF(($A90=pokemon!$AC$2:$AC$412)*(pokemon!$AB$2:$AB$412 <> "Noble Form")*(ISBLANK(pokemon!$AJ$2:$AJ$412)), pokemon!$T$2:$T$412))} -> 1 | H90: {=MIN(IF(($A90=pokemon!$AC$2:$AC$412)*(pokemon!$AB$2:$AB$412 <> "Noble Form")*(ISBLANK(pokemon!$AJ$2:$AJ$412)), pokemon!$T$2:$T$412))} -> 18 | I90: {=MAX(IF(($A90=pokemon!$AC$2:$AC$412)*(pokemon!$AB$2:$AB$412 <> "Noble Form")*(ISBLANK(pokemon!$AJ$2:$AJ$412)), pokemon!$T$2:$T$412))} -> 18 | J90: =I90-H90 -> 0
A91: Peck | B91: flying | C91: 35 | D91: =IF(NOT(ISBLANK(C91)), IF(ISNUMBER(C91), ROUND((C91 - 5)/20, 0), C91), "") -> 2 | F91: When the target is next attacked, add 1 critical hit to the roll. | G91: {=COUNT(IF(($A91=pokemon!$AC$2:$AC$412)*(pokemon!$AB$2:$AB$412 <> "Noble Form")*(ISBLANK(pokemon!$AJ$2:$AJ$412)), pokemon!$T$2:$T$412))} -> 1 | H91: {=MIN(IF(($A91=pokemon!$AC$2:$AC$412)*(pokemon!$AB$2:$AB$412 <> "Noble Form")*(ISBLANK(pokemon!$AJ$2:$AJ$412)), pokemon!$T$2:$T$412))} -> 10 | I91: {=MAX(IF(($A91=pokemon!$AC$2:$AC$412)*(pokemon!$AB$2:$AB$412 <> "Noble Form")*(ISBLANK(pokemon!$AJ$2:$AJ$412)), pokemon!$T$2:$T$412))} -> 10 | J91: =I91-H91 -> 0
A92: Chatter | B92: flying | C92: 65 | D92: =IF(NOT(ISBLANK(C92)), IF(ISNUMBER(C92), ROUND((C92 - 5)/20, 0), C92), "") -> 3 | F92: Inflict the Confused status on the target. If the target is already Confused, this move deals double damage. | G92: {=COUNT(IF(($A92=pokemon!$AC$2:$AC$412)*(pokemon!$AB$2:$AB$412 <> "Noble Form")*(ISBLANK(pokemon!$AJ$2:$AJ$412)), pokemon!$T$2:$T$412))} -> 1 | H92: {=MIN(IF(($A92=pokemon!$AC$2:$AC$412)*(pokemon!$AB$2:$AB$412 <> "Noble Form")*(ISBLANK(pokemon!$AJ$2:$AJ$412)), pokemon!$T$2:$T$412))} -> 15 | I92: {=MAX(IF(($A92=pokemon!$AC$2:$AC$412)*(pokemon!$AB$2:$AB$412 <> "Noble Form")*(ISBLANK(pokemon!$AJ$2:$AJ$412)), pokemon!$T$2:$T$412))} -> 15 | J92: =I92-H92 -> 0
A93: Acrobatics | B93: flying | C93: 55 | D93: =IF(NOT(ISBLANK(C93)), IF(ISNUMBER(C93), ROUND((C93 - 5)/20, 0), C93), "") -> 3 | E93: switch | F93: This move can be used from your party, the user is switched in immediately. | G93: {=COUNT(IF(($A93=pokemon!$AC$2:$AC$412)*(pokemon!$AB$2:$AB$412 <> "Noble Form")*(ISBLANK(pokemon!$AJ$2:$AJ$412)), pokemon!$T$2:$T$412))} -> 1 | H93: {=MIN(IF(($A93=pokemon!$AC$2:$AC$412)*(pokemon!$AB$2:$AB$412 <> "Noble Form")*(ISBLANK(pokemon!$AJ$2:$AJ$412)), pokemon!$T$2:$T$412))} -> 16 | I93: {=MAX(IF(($A93=pokemon!$AC$2:$AC$412)*(pokemon!$AB$2:$AB$412 <> "Noble Form")*(ISBLANK(pokemon!$AJ$2:$AJ$412)), pokemon!$T$2:$T$412))} -> 16 | J93: =I93-H93 -> 0
A94: Air Cutter | B94: flying | C94: 60 | D94: =IF(NOT(ISBLANK(C94)), IF(ISNUMBER(C94), ROUND((C94 - 5)/20, 0), C94), "") -> 3 | F94: When the target is next attacked, add 1 critical hit to the roll. | G94: {=COUNT(IF(($A94=pokemon!$AC$2:$AC$412)*(pokemon!$AB$2:$AB$412 <> "Noble Form")*(ISBLANK(pokemon!$AJ$2:$AJ$412)), pokemon!$T$2:$T$412))} -> 1 | H94: {=MIN(IF(($A94=pokemon!$AC$2:$AC$412)*(pokemon!$AB$2:$AB$412 <> "Noble Form")*(ISBLANK(pokemon!$AJ$2:$AJ$412)), pokemon!$T$2:$T$412))} -> 16 | I94: {=MAX(IF(($A94=pokemon!$AC$2:$AC$412)*(pokemon!$AB$2:$AB$412 <> "Noble Form")*(ISBLANK(pokemon!$AJ$2:$AJ$412)), pokemon!$T$2:$T$412))} -> 16 | J94: =I94-H94 -> 0
A95: Wing Attack | B95: flying | C95: 60 | D95: =IF(NOT(ISBLANK(C95)), IF(ISNUMBER(C95), ROUND((C95 - 5)/20, 0), C95), "") -> 3 | F95: When the target next attacks, remove 1 regular hit from the roll. | G95: {=COUNT(IF(($A95=pokemon!$AC$2:$AC$412)*(pokemon!$AB$2:$AB$412 <> "Noble Form")*(ISBLANK(pokemon!$AJ$2:$AJ$412)), pokemon!$T$2:$T$412))} -> 4 | H95: {=MIN(IF(($A95=pokemon!$AC$2:$AC$412)*(pokemon!$AB$2:$AB$412 <> "Noble Form")*(ISBLANK(pokemon!$AJ$2:$AJ$412)), pokemon!$T$2:$T$412))} -> 10 | I95: {=MAX(IF(($A95=pokemon!$AC$2:$AC$412)*(pokemon!$AB$2:$AB$412 <> "Noble Form")*(ISBLANK(pokemon!$AJ$2:$AJ$412)), pokemon!$T$2:$T$412))} -> 14 | J95: =I95-H95 -> 4
A96: Air Slash | B96: flying | C96: 75 | D96: =IF(NOT(ISBLANK(C96)), IF(ISNUMBER(C96), ROUND((C96 - 5)/20, 0), C96), "") -> 4 | F96: Critical hits deal +1 damage. | G96: {=COUNT(IF(($A96=pokemon!$AC$2:$AC$412)*(pokemon!$AB$2:$AB$412 <> "Noble Form")*(ISBLANK(pokemon!$AJ$2:$AJ$412)), pokemon!$T$2:$T$412))} -> 3 | H96: {=MIN(IF(($A96=pokemon!$AC$2:$AC$412)*(pokemon!$AB$2:$AB$412 <> "Noble Form")*(ISBLANK(pokemon!$AJ$2:$AJ$412)), pokemon!$T$2:$T$412))} -> 16 | I96: {=MAX(IF(($A96=pokemon!$AC$2:$AC$412)*(pokemon!$AB$2:$AB$412 <> "Noble Form")*(ISBLANK(pokemon!$AJ$2:$AJ$412)), pokemon!$T$2:$T$412))} -> 20 | J96: =I96-H96 -> 4
A97: Sky Slash | B97: flying | C97: 100 | D97: =IF(NOT(ISBLANK(C97)), IF(ISNUMBER(C97), ROUND((C97 - 5)/20, 0), C97), "") -> 5 | F97: Critical hits deal +1 damage. | G97: {=COUNT(IF(($A97=pokemon!$AC$2:$AC$412)*(pokemon!$AB$2:$AB$412 <> "Noble Form")*(ISBLANK(pokemon!$AJ$2:$AJ$412)), pokemon!$T$2:$T$412))} -> 1 | H97: {=MIN(IF(($A97=pokemon!$AC$2:$AC$412)*(pokemon!$AB$2:$AB$412 <> "Noble Form")*(ISBLANK(pokemon!$AJ$2:$AJ$412)), pokemon!$T$2:$T$412))} -> 20 | I97: {=MAX(IF(($A97=pokemon!$AC$2:$AC$412)*(pokemon!$AB$2:$AB$412 <> "Noble Form")*(ISBLANK(pokemon!$AJ$2:$AJ$412)), pokemon!$T$2:$T$412))} -> 20 | J97: =I97-H97 -> 0
A98: Brave Bird | B98: flying | C98: 100 | D98: =IF(NOT(ISBLANK(C98)), IF(ISNUMBER(C98), ROUND((C98 - 5)/20, 0), C98), "") -> 5 | F98: Critical hits deal +2 damage but for each critical hit rolled: The user takes 2 damage. | G98: {=COUNT(IF(($A98=pokemon!$AC$2:$AC$412)*(pokemon!$AB$2:$AB$412 <> "Noble Form")*(ISBLANK(pokemon!$AJ$2:$AJ$412)), pokemon!$T$2:$T$412))} -> 1 | H98: {=MIN(IF(($A98=pokemon!$AC$2:$AC$412)*(pokemon!$AB$2:$AB$412 <> "Noble Form")*(ISBLANK(pokemon!$AJ$2:$AJ$412)), pokemon!$T$2:$T$412))} -> 19 | I98: {=MAX(IF(($A98=pokemon!$AC$2:$AC$412)*(pokemon!$AB$2:$AB$412 <> "Noble Form")*(ISBLANK(pokemon!$AJ$2:$AJ$412)), pokemon!$T$2:$T$412))} -> 19 | J98: =I98-H98 -> 0
A99: Sky Attack | B99: flying | C99: 100 | D99: =IF(NOT(ISBLANK(C99)), IF(ISNUMBER(C99), ROUND((C99 - 5)/20, 0), C99), "") -> 5 | E99: decisive | F99: Critical hits deal +1 damage. | G99: {=COUNT(IF(($A99=pokemon!$AC$2:$AC$412)*(pokemon!$AB$2:$AB$412 <> "Noble Form")*(ISBLANK(pokemon!$AJ$2:$AJ$412)), pokemon!$T$2:$T$412))} -> 1 | H99: {=MIN(IF(($A99=pokemon!$AC$2:$AC$412)*(pokemon!$AB$2:$AB$412 <> "Noble Form")*(ISBLANK(pokemon!$AJ$2:$AJ$412)), pokemon!$T$2:$T$412))} -> 16 | I99: {=MAX(IF(($A99=pokemon!$AC$2:$AC$412)*(pokemon!$AB$2:$AB$412 <> "Noble Form")*(ISBLANK(pokemon!$AJ$2:$AJ$412)), pokemon!$T$2:$T$412))} -> 16 | J99: =I99-H99 -> 0
A100: Bitter Howl | B100: flying | C100: 40 | D100: =IF(NOT(ISBLANK(C100)), IF(ISNUMBER(C100), ROUND((C100 - 5)/20, 0), C100), "") -> 2 | F100: Inflict the Frozen status on the target. If the target is already Frozen, this move deals double damage. | G100: {=COUNT(IF(($A100=pokemon!$AC$2:$AC$412)*(pokemon!$AB$2:$AB$412 <> "Noble Form")*(ISBLANK(pokemon!$AJ$2:$AJ$412)), pokemon!$T$2:$T$412))} -> 1 | H100: {=MIN(IF(($A100=pokemon!$AC$2:$AC$412)*(pokemon!$AB$2:$AB$412 <> "Noble Form")*(ISBLANK(pokemon!$AJ$2:$AJ$412)), pokemon!$T$2:$T$412))} -> 21 | I100: {=MAX(IF(($A100=pokemon!$AC$2:$AC$412)*(pokemon!$AB$2:$AB$412 <> "Noble Form")*(ISBLANK(pokemon!$AJ$2:$AJ$412)), pokemon!$T$2:$T$412))} -> 21 | J100: =I100-H100 -> 0
...

Sheet analysis
C1: starter | D1: weak | E1: moderate | F1: strong | G1: total
A2: Plains | B2: Cold | C2: =COUNTIFS(pokemon!$L:$L, $A2, pokemon!$M:$M, $B2, pokemon!$AI:$AI, C$1, pokemon!$AM:$AM, "<=1") -> 1 | D2: =COUNTIFS(pokemon!$L:$L, $A2, pokemon!$M:$M, $B2, pokemon!$AI:$AI, D$1, pokemon!$AM:$AM, "<=1") -> 6 | E2: =COUNTIFS(pokemon!$L:$L, $A2, pokemon!$M:$M, $B2, pokemon!$AI:$AI, E$1, pokemon!$AM:$AM, "<=1") -> 6 | F2: =COUNTIFS(pokemon!$L:$L, $A2, pokemon!$M:$M, $B2, pokemon!$AI:$AI, F$1, pokemon!$AM:$AM, "<=1") -> 7 | G2: =SUM(C2,D2,E2,F2) -> 20
A3: Plains | B3: Temperate | C3: =COUNTIFS(pokemon!$L:$L, $A3, pokemon!$M:$M, $B3, pokemon!$AI:$AI, C$1, pokemon!$AM:$AM, "<=1") -> 0 | D3: =COUNTIFS(pokemon!$L:$L, $A3, pokemon!$M:$M, $B3, pokemon!$AI:$AI, D$1, pokemon!$AM:$AM, "<=1") -> 9 | E3: =COUNTIFS(pokemon!$L:$L, $A3, pokemon!$M:$M, $B3, pokemon!$AI:$AI, E$1, pokemon!$AM:$AM, "<=1") -> 8 | F3: =COUNTIFS(pokemon!$L:$L, $A3, pokemon!$M:$M, $B3, pokemon!$AI:$AI, F$1, pokemon!$AM:$AM, "<=1") -> 7 | G3: =SUM(C3,D3,E3,F3) -> 24
A4: Plains | B4: Warm | C4: =COUNTIFS(pokemon!$L:$L, $A4, pokemon!$M:$M, $B4, pokemon!$AI:$AI, C$1, pokemon!$AM:$AM, "<=1") -> 3 | D4: =COUNTIFS(pokemon!$L:$L, $A4, pokemon!$M:$M, $B4, pokemon!$AI:$AI, D$1, pokemon!$AM:$AM, "<=1") -> 6 | E4: =COUNTIFS(pokemon!$L:$L, $A4, pokemon!$M:$M, $B4, pokemon!$AI:$AI, E$1, pokemon!$AM:$AM, "<=1") -> 9 | F4: =COUNTIFS(pokemon!$L:$L, $A4, pokemon!$M:$M, $B4, pokemon!$AI:$AI, F$1, pokemon!$AM:$AM, "<=1") -> 11 | G4: =SUM(C4,D4,E4,F4) -> 29
A5: Forest | B5: Cold | C5: =COUNTIFS(pokemon!$L:$L, $A5, pokemon!$M:$M, $B5, pokemon!$AI:$AI, C$1, pokemon!$AM:$AM, "<=1") -> 1 | D5: =COUNTIFS(pokemon!$L:$L, $A5, pokemon!$M:$M, $B5, pokemon!$AI:$AI, D$1, pokemon!$AM:$AM, "<=1") -> 8 | E5: =COUNTIFS(pokemon!$L:$L, $A5, pokemon!$M:$M, $B5, pokemon!$AI:$AI, E$1, pokemon!$AM:$AM, "<=1") -> 8 | F5: =COUNTIFS(pokemon!$L:$L, $A5, pokemon!$M:$M, $B5, pokemon!$AI:$AI, F$1, pokemon!$AM:$AM, "<=1") -> 10 | G5: =SUM(C5,D5,E5,F5) -> 27
A6: Forest | B6: Temperate | C6: =COUNTIFS(pokemon!$L:$L, $A6, pokemon!$M:$M, $B6, pokemon!$AI:$AI, C$1, pokemon!$AM:$AM, "<=1") -> 3 | D6: =COUNTIFS(pokemon!$L:$L, $A6, pokemon!$M:$M, $B6, pokemon!$AI:$AI, D$1, pokemon!$AM:$AM, "<=1") -> 5 | E6: =COUNTIFS(pokemon!$L:$L, $A6, pokemon!$M:$M, $B6, pokemon!$AI:$AI, E$1, pokemon!$AM:$AM, "<=1") -> 10 | F6: =COUNTIFS(pokemon!$L:$L, $A6, pokemon!$M:$M, $B6, pokemon!$AI:$AI, F$1, pokemon!$AM:$AM, "<=1") -> 7 | G6: =SUM(C6,D6,E6,F6) -> 25
A7: Forest | B7: Warm | C7: =COUNTIFS(pokemon!$L:$L, $A7, pokemon!$M:$M, $B7, pokemon!$AI:$AI, C$1, pokemon!$AM:$AM, "<=1") -> 1 | D7: =COUNTIFS(pokemon!$L:$L, $A7, pokemon!$M:$M, $B7, pokemon!$AI:$AI, D$1, pokemon!$AM:$AM, "<=1") -> 7 | E7: =COUNTIFS(pokemon!$L:$L, $A7, pokemon!$M:$M, $B7, pokemon!$AI:$AI, E$1, pokemon!$AM:$AM, "<=1") -> 8 | F7: =COUNTIFS(pokemon!$L:$L, $A7, pokemon!$M:$M, $B7, pokemon!$AI:$AI, F$1, pokemon!$AM:$AM, "<=1") -> 9 | G7: =SUM(C7,D7,E7,F7) -> 25
A8: Mountain | B8: Cold | C8: =COUNTIFS(pokemon!$L:$L, $A8, pokemon!$M:$M, $B8, pokemon!$AI:$AI, C$1, pokemon!$AM:$AM, "<=1") -> 1 | D8: =COUNTIFS(pokemon!$L:$L, $A8, pokemon!$M:$M, $B8, pokemon!$AI:$AI, D$1, pokemon!$AM:$AM, "<=1") -> 6 | E8: =COUNTIFS(pokemon!$L:$L, $A8, pokemon!$M:$M, $B8, pokemon!$AI:$AI, E$1, pokemon!$AM:$AM, "<=1") -> 9 | F8: =COUNTIFS(pokemon!$L:$L, $A8, pokemon!$M:$M, $B8, pokemon!$AI:$AI, F$1, pokemon!$AM:$AM, "<=1") -> 10 | G8: =SUM(C8,D8,E8,F8) -> 26
A9: Mountain | B9: Temperate | C9: =COUNTIFS(pokemon!$L:$L, $A9, pokemon!$M:$M, $B9, pokemon!$AI:$AI, C$1, pokemon!$AM:$AM, "<=1") -> 2 | D9: =COUNTIFS(pokemon!$L:$L, $A9, pokemon!$M:$M, $B9, pokemon!$AI:$AI, D$1, pokemon!$AM:$AM, "<=1") -> 5 | E9: =COUNTIFS(pokemon!$L:$L, $A9, pokemon!$M:$M, $B9, pokemon!$AI:$AI, E$1, pokemon!$AM:$AM, "<=1") -> 9 | F9: =COUNTIFS(pokemon!$L:$L, $A9, pokemon!$M:$M, $B9, pokemon!$AI:$AI, F$1, pokemon!$AM:$AM, "<=1") -> 8 | G9: =SUM(C9,D9,E9,F9) -> 24
A10: Mountain | B10: Warm | C10: =COUNTIFS(pokemon!$L:$L, $A10, pokemon!$M:$M, $B10, pokemon!$AI:$AI, C$1, pokemon!$AM:$AM, "<=1") -> 1 | D10: =COUNTIFS(pokemon!$L:$L, $A10, pokemon!$M:$M, $B10, pokemon!$AI:$AI, D$1, pokemon!$AM:$AM, "<=1") -> 8 | E10: =COUNTIFS(pokemon!$L:$L, $A10, pokemon!$M:$M, $B10, pokemon!$AI:$AI, E$1, pokemon!$AM:$AM, "<=1") -> 8 | F10: =COUNTIFS(pokemon!$L:$L, $A10, pokemon!$M:$M, $B10, pokemon!$AI:$AI, F$1, pokemon!$AM:$AM, "<=1") -> 11 | G10: =SUM(C10,D10,E10,F10) -> 28
A11: Ocean | B11: Cold | C11: =COUNTIFS(pokemon!$L:$L, $A11, pokemon!$M:$M, $B11, pokemon!$AI:$AI, C$1, pokemon!$AM:$AM, "<=1") -> 3 | D11: =COUNTIFS(pokemon!$L:$L, $A11, pokemon!$M:$M, $B11, pokemon!$AI:$AI, D$1, pokemon!$AM:$AM, "<=1") -> 5 | E11: =COUNTIFS(pokemon!$L:$L, $A11, pokemon!$M:$M, $B11, pokemon!$AI:$AI, E$1, pokemon!$AM:$AM, "<=1") -> 7 | F11: =COUNTIFS(pokemon!$L:$L, $A11, pokemon!$M:$M, $B11, pokemon!$AI:$AI, F$1, pokemon!$AM:$AM, "<=1") -> 5 | G11: =SUM(C11,D11,E11,F11) -> 20
A12: Ocean | B12: Temperate | C12: =COUNTIFS(pokemon!$L:$L, $A12, pokemon!$M:$M, $B12, pokemon!$AI:$AI, C$1, pokemon!$AM:$AM, "<=1") -> 0 | D12: =COUNTIFS(pokemon!$L:$L, $A12, pokemon!$M:$M, $B12, pokemon!$AI:$AI, D$1, pokemon!$AM:$AM, "<=1") -> 6 | E12: =COUNTIFS(pokemon!$L:$L, $A12, pokemon!$M:$M, $B12, pokemon!$AI:$AI, E$1, pokemon!$AM:$AM, "<=1") -> 5 | F12: =COUNTIFS(pokemon!$L:$L, $A12, pokemon!$M:$M, $B12, pokemon!$AI:$AI, F$1, pokemon!$AM:$AM, "<=1") -> 4 | G12: =SUM(C12,D12,E12,F12) -> 15
A13: Ocean | B13: Warm | C13: =COUNTIFS(pokemon!$L:$L, $A13, pokemon!$M:$M, $B13, pokemon!$AI:$AI, C$1, pokemon!$AM:$AM, "<=1") -> 0 | D13: =COUNTIFS(pokemon!$L:$L, $A13, pokemon!$M:$M, $B13, pokemon!$AI:$AI, D$1, pokemon!$AM:$AM, "<=1") -> 7 | E13: =COUNTIFS(pokemon!$L:$L, $A13, pokemon!$M:$M, $B13, pokemon!$AI:$AI, E$1, pokemon!$AM:$AM, "<=1") -> 7 | F13: =COUNTIFS(pokemon!$L:$L, $A13, pokemon!$M:$M, $B13, pokemon!$AI:$AI, F$1, pokemon!$AM:$AM, "<=1") -> 4 | G13: =SUM(C13,D13,E13,F13) -> 18
B14: Space | C14: =COUNTIFS(pokemon!$M:$M, $B14, pokemon!$AI:$AI, C$1, pokemon!$AM:$AM, "<=1") -> 2 | D14: =COUNTIFS(pokemon!$M:$M, $B14, pokemon!$AI:$AI, D$1, pokemon!$AM:$AM, "<=1") -> 4 | E14: =COUNTIFS(pokemon!$M:$M, $B14, pokemon!$AI:$AI, E$1, pokemon!$AM:$AM, "<=1") -> 6 | F14: =COUNTIFS(pokemon!$M:$M, $B14, pokemon!$AI:$AI, F$1, pokemon!$AM:$AM, "<=1") -> 6 | G14: =SUM(C14,D14,E14,F14) -> 18
C15: =SUM(C2:C14) -> 18 | D15: =SUM(D2:D14) -> 82 | E15: =SUM(E2:E14) -> 100 | F15: =SUM(F2:F14) -> 99 | G15: =SUM(D15:F15) -> 281
E17: pokemon | F17: moves | G17: ratio
A18: normal | B18: =COUNTIFS(pokemon!C:C, $A18, pokemon!$AH:$AH, 0, pokemon!$AJ:$AJ, "") -> 33 | D18: =COUNTIFS(pokemon!D:D, $A18, pokemon!$AH:$AH, 0, pokemon!$AJ:$AJ, "") -> 0 | E18: =SUM(B18,D18) -> 33 | F18: =SUMIF(moves!B:B, A18, moves!G:G) -> 39 | G18: =F18/E18 -> 1.1818182
A19: fire | B19: =COUNTIFS(pokemon!C:C, $A19, pokemon!$AH:$AH, 0, pokemon!$AJ:$AJ, "") -> 21 | D19: =COUNTIFS(pokemon!D:D, $A19, pokemon!$AH:$AH, 0, pokemon!$AJ:$AJ, "") -> 9 | E19: =SUM(B19,D19) -> 30 | F19: =SUMIF(moves!B:B, A19, moves!G:G) -> 25 | G19: =F19/E19 -> 0.83333333
A20: water | B20: =COUNTIFS(pokemon!C:C, $A20, pokemon!$AH:$AH, 0, pokemon!$AJ:$AJ, "") -> 43 | D20: =COUNTIFS(pokemon!D:D, $A20, pokemon!$AH:$AH, 0, pokemon!$AJ:$AJ, "") -> 5 | E20: =SUM(B20,D20) -> 48 | F20: =SUMIF(moves!B:B, A20, moves!G:G) -> 30 | G20: =F20/E20 -> 0.625
A21: electric | B21: =COUNTIFS(pokemon!C:C, $A21, pokemon!$AH:$AH, 0, pokemon!$AJ:$AJ, "") -> 22 | D21: =COUNTIFS(pokemon!D:D, $A21, pokemon!$AH:$AH, 0, pokemon!$AJ:$AJ, "") -> 0 | E21: =SUM(B21,D21) -> 22 | F21: =SUMIF(moves!B:B, A21, moves!G:G) -> 19 | G21: =F21/E21 -> 0.86363636
A22: grass | B22: =COUNTIFS(pokemon!C:C, $A22, pokemon!$AH:$AH, 0, pokemon!$AJ:$AJ, "") -> 23 | D22: =COUNTIFS(pokemon!D:D, $A22, pokemon!$AH:$AH, 0, pokemon!$AJ:$AJ, "") -> 4 | E22: =SUM(B22,D22) -> 27 | F22: =SUMIF(moves!B:B, A22, moves!G:G) -> 20 | G22: =F22/E22 -> 0.74074074
A23: ice | B23: =COUNTIFS(pokemon!C:C, $A23, pokemon!$AH:$AH, 0, pokemon!$AJ:$AJ, "") -> 13 | D23: =COUNTIFS(pokemon!D:D, $A23, pokemon!$AH:$AH, 0, pokemon!$AJ:$AJ, "") -> 4 | E23: =SUM(B23,D23) -> 17 | F23: =SUMIF(moves!B:B, A23, moves!G:G) -> 16 | G23: =F23/E23 -> 0.94117647
A24: fighting | B24: =COUNTIFS(pokemon!C:C, $A24, pokemon!$AH:$AH, 0, pokemon!$AJ:$AJ, "") -> 11 | D24: =COUNTIFS(pokemon!D:D, $A24, pokemon!$AH:$AH, 0, pokemon!$AJ:$AJ, "") -> 8 | E24: =SUM(B24,D24) -> 19 | F24: =SUMIF(moves!B:B, A24, moves!G:G) -> 13 | G24: =F24/E24 -> 0.68421053
A25: poison | B25: =COUNTIFS(pokemon!C:C, $A25, pokemon!$AH:$AH, 0, pokemon!$AJ:$AJ, "") -> 15 | D25: =COUNTIFS(pokemon!D:D, $A25, pokemon!$AH:$AH, 0, pokemon!$AJ:$AJ, "") -> 11 | E25: =SUM(B25,D25) -> 26 | F25: =SUMIF(moves!B:B, A25, moves!G:G) -> 16 | G25: =F25/E25 -> 0.61538462
A26: ground | B26: =COUNTIFS(pokemon!C:C, $A26, pokemon!$AH:$AH, 0, pokemon!$AJ:$AJ, "") -> 9 | D26: =COUNTIFS(pokemon!D:D, $A26, pokemon!$AH:$AH, 0, pokemon!$AJ:$AJ, "") -> 21 | E26: =SUM(B26,D26) -> 30 | F26: =SUMIF(moves!B:B, A26, moves!G:G) -> 14 | G26: =F26/E26 -> 0.46666667
A27: flying | B27: =COUNTIFS(pokemon!C:C, $A27, pokemon!$AH:$AH, 0, pokemon!$AJ:$AJ, "") -> 0 | D27: =COUNTIFS(pokemon!D:D, $A27, pokemon!$AH:$AH, 0, pokemon!$AJ:$AJ, "") -> 40 | E27: =SUM(B27,D27) -> 40 | F27: =SUMIF(moves!B:B, A27, moves!G:G) -> 15 | G27: =F27/E27 -> 0.375
A28: psychic | B28: =COUNTIFS(pokemon!C:C, $A28, pokemon!$AH:$AH, 0, pokemon!$AJ:$AJ, "") -> 19 | D28: =COUNTIFS(pokemon!D:D, $A28, pokemon!$AH:$AH, 0, pokemon!$AJ:$AJ, "") -> 14 | E28: =SUM(B28,D28) -> 33 | F28: =SUMIF(moves!B:B, A28, moves!G:G) -> 25 | G28: =F28/E28 -> 0.75757576
A29: bug | B29: =COUNTIFS(pokemon!C:C, $A29, pokemon!$AH:$AH, 0, pokemon!$AJ:$AJ, "") -> 25 | D29: =COUNTIFS(pokemon!D:D, $A29, pokemon!$AH:$AH, 0, pokemon!$AJ:$AJ, "") -> 1 | E29: =SUM(B29,D29) -> 26 | F29: =SUMIF(moves!B:B, A29, moves!G:G) -> 17 | G29: =F29/E29 -> 0.65384615
... A35: fairy | B35: =COUNTIFS(pokemon!C:C, $A35, pokemon!$AH:$AH, 0, pokemon!$AJ:$AJ, "") -> 7 | D35: =COUNTIFS(pokemon!D:D, $A35, pokemon!$AH:$AH, 0, pokemon!$AJ:$AJ, "") -> 13 | E35: =SUM(B35,D35) -> 20 | F35: =SUMIF(moves!B:B, A35, moves!G:G) -> 13 | G35: =F35/E35 -> 0.65
B37: starter | D37: weak | E37: moderate | F37: strong | G37: legendary | H37: total
A38: normal | B38: =COUNTIFS(pokemon!$C:$C, $A38, pokemon!$AI:$AI, B$37, pokemon!$AM:$AM, "<=1")+COUNTIFS(pokemon!$D:$D, $A38, pokemon!$AI:$AI, B$37, pokemon!$AM:$AM, "<=1") -> 2 | D38: =COUNTIFS(pokemon!$C:$C, $A38, pokemon!$AI:$AI, D$37, pokemon!$AM:$AM, "<=1")+COUNTIFS(pokemon!$D:$D, $A38, pokemon!$AI:$AI, D$37, pokemon!$AM:$AM, "<=1") -> 9 | E38: =COUNTIFS(pokemon!$C:$C, $A38, pokemon!$AI:$AI, E$37, pokemon!$AM:$AM, "<=1")+COUNTIFS(pokemon!$D:$D, $A38, pokemon!$AI:$AI, E$37, pokemon!$AM:$AM, "<=1") -> 13 | F38: =COUNTIFS(pokemon!$C:$C, $A38, pokemon!$AI:$AI, F$37, pokemon!$AM:$AM, "<=1")+COUNTIFS(pokemon!$D:$D, $A38, pokemon!$AI:$AI, F$37, pokemon!$AM:$AM, "<=1") -> 9 | G38: =COUNTIFS(pokemon!$C:$C, $A38, pokemon!$AI:$AI, G$37, pokemon!$AM:$AM, "<=1")+COUNTIFS(pokemon!$D:$D, $A38, pokemon!$AI:$AI, G$37, pokemon!$AM:$AM, "<=1") -> 2 | H38: =SUM(B38:G38) -> 35
A39: fire | B39: =COUNTIFS(pokemon!$C:$C, $A39, pokemon!$AI:$AI, B$37, pokemon!$AM:$AM, "<=1")+COUNTIFS(pokemon!$D:$D, $A39, pokemon!$AI:$AI, B$37, pokemon!$AM:$AM, "<=1") -> 3 | D39: =COUNTIFS(pokemon!$C:$C, $A39, pokemon!$AI:$AI, D$37, pokemon!$AM:$AM, "<=1")+COUNTIFS(pokemon!$D:$D, $A39, pokemon!$AI:$AI, D$37, pokemon!$AM:$AM, "<=1") -> 5 | E39: =COUNTIFS(pokemon!$C:$C, $A39, pokemon!$AI:$AI, E$37, pokemon!$AM:$AM, "<=1")+COUNTIFS(pokemon!$D:$D, $A39, pokemon!$AI:$AI, E$37, pokemon!$AM:$AM, "<=1") -> 7 | F39: =COUNTIFS(pokemon!$C:$C, $A39, pokemon!$AI:$AI, F$37, pokemon!$AM:$AM, "<=1")+COUNTIFS(pokemon!$D:$D, $A39, pokemon!$AI:$AI, F$37, pokemon!$AM:$AM, "<=1") -> 13 | G39: =COUNTIFS(pokemon!$C:$C, $A39, pokemon!$AI:$AI, G$37, pokemon!$AM:$AM, "<=1")+COUNTIFS(pokemon!$D:$D, $A39, pokemon!$AI:$AI, G$37, pokemon!$AM:$AM, "<=1") -> 4 | H39: =SUM(B39:G39) -> 32
A40: water | B40: =COUNTIFS(pokemon!$C:$C, $A40, pokemon!$AI:$AI, B$37, pokemon!$AM:$AM, "<=1")+COUNTIFS(pokemon!$D:$D, $A40, pokemon!$AI:$AI, B$37, pokemon!$AM:$AM, "<=1") -> 3 | D40: =COUNTIFS(pokemon!$C:$C, $A40, pokemon!$AI:$AI, D$37, pokemon!$AM:$AM, "<=1")+COUNTIFS(pokemon!$D:$D, $A40, pokemon!$AI:$AI, D$37, pokemon!$AM:$AM, "<=1") -> 17 | E40: =COUNTIFS(pokemon!$C:$C, $A40, pokemon!$AI:$AI, E$37, pokemon!$AM:$AM, "<=1")+COUNTIFS(pokemon!$D:$D, $A40, pokemon!$AI:$AI, E$37, pokemon!$AM:$AM, "<=1") -> 16 | F40: =COUNTIFS(pokemon!$C:$C, $A40, pokemon!$AI:$AI, F$37, pokemon!$AM:$AM, "<=1")+COUNTIFS(pokemon!$D:$D, $A40, pokemon!$AI:$AI, F$37, pokemon!$AM:$AM, "<=1") -> 12 | G40: =COUNTIFS(pokemon!$C:$C, $A40, pokemon!$AI:$AI, G$37, pokemon!$AM:$AM, "<=1")+COUNTIFS(pokemon!$D:$D, $A40, pokemon!$AI:$AI, G$37, pokemon!$AM:$AM, "<=1") -> 3 | H40: =SUM(B40:G40) -> 51
A41: electric | B41: =COUNTIFS(pokemon!$C:$C, $A41, pokemon!$AI:$AI, B$37, pokemon!$AM:$AM, "<=1")+COUNTIFS(pokemon!$D:$D, $A41, pokemon!$AI:$AI, B$37, pokemon!$AM:$AM, "<=1") -> 2 | D41: =COUNTIFS(pokemon!$C:$C, $A41, pokemon!$AI:$AI, D$37, pokemon!$AM:$AM, "<=1")+COUNTIFS(pokemon!$D:$D, $A41, pokemon!$AI:$AI, D$37, pokemon!$AM:$AM, "<=1") -> 3 | E41: =COUNTIFS(pokemon!$C:$C, $A41, pokemon!$AI:$AI, E$37, pokemon!$AM:$AM, "<=1")+COUNTIFS(pokemon!$D:$D, $A41, pokemon!$AI:$AI, E$37, pokemon!$AM:$AM, "<=1") -> 7 | F41: =COUNTIFS(pokemon!$C:$C, $A41, pokemon!$AI:$AI, F$37, pokemon!$AM:$AM, "<=1")+COUNTIFS(pokemon!$D:$D, $A41, pokemon!$AI:$AI, F$37, pokemon!$AM:$AM, "<=1") -> 8 | G41: =COUNTIFS(pokemon!$C:$C, $A41, pokemon!$AI:$AI, G$37, pokemon!$AM:$AM, "<=1")+COUNTIFS(pokemon!$D:$D, $A41, pokemon!$AI:$AI, G$37, pokemon!$AM:$AM, "<=1") -> 5 | H41: =SUM(B41:G41) -> 25
A42: grass | B42: =COUNTIFS(pokemon!$C:$C, $A42, pokemon!$AI:$AI, B$37, pokemon!$AM:$AM, "<=1")+COUNTIFS(pokemon!$D:$D, $A42, pokemon!$AI:$AI, B$37, pokemon!$AM:$AM, "<=1") -> 3 | D42: =COUNTIFS(pokemon!$C:$C, $A42, pokemon!$AI:$AI, D$37, pokemon!$AM:$AM, "<=1")+COUNTIFS(pokemon!$D:$D, $A42, pokemon!$AI:$AI, D$37, pokemon!$AM:$AM, "<=1") -> 5 | E42: =COUNTIFS(pokemon!$C:$C, $A42, pokemon!$AI:$AI, E$37, pokemon!$AM:$AM, "<=1")+COUNTIFS(pokemon!$D:$D, $A42, pokemon!$AI:$AI, E$37, pokemon!$AM:$AM, "<=1") -> 10 | F42: =COUNTIFS(pokemon!$C:$C, $A42, pokemon!$AI:$AI, F$37, pokemon!$AM:$AM, "<=1")+COUNTIFS(pokemon!$D:$D, $A42, pokemon!$AI:$AI, F$37, pokemon!$AM:$AM, "<=1") -> 7 | G42: =COUNTIFS(pokemon!$C:$C, $A42, pokemon!$AI:$AI, G$37, pokemon!$AM:$AM, "<=1")+COUNTIFS(pokemon!$D:$D, $A42, pokemon!$AI:$AI, G$37, pokemon!$AM:$AM, "<=1") -> 3 | H42: =SUM(B42:G42) -> 28
A43: ice | B43: =COUNTIFS(pokemon!$C:$C, $A43, pokemon!$AI:$AI, B$37, pokemon!$AM:$AM, "<=1")+COUNTIFS(pokemon!$D:$D, $A43, pokemon!$AI:$AI, B$37, pokemon!$AM:$AM, "<=1") -> 2 | D43: =COUNTIFS(pokemon!$C:$C, $A43, pokemon!$AI:$AI, D$37, pokemon!$AM:$AM, "<=1")+COUNTIFS(pokemon!$D:$D, $A43, pokemon!$AI:$AI, D$37, pokemon!$AM:$AM, "<=1") -> 3 | E43: =COUNTIFS(pokemon!$C:$C, $A43, pokemon!$AI:$AI, E$37, pokemon!$AM:$AM, "<=1")+COUNTIFS(pokemon!$D:$D, $A43, pokemon!$AI:$AI, E$37, pokemon!$AM:$AM, "<=1") -> 6 | F43: =COUNTIFS(pokemon!$C:$C, $A43, pokemon!$AI:$AI, F$37, pokemon!$AM:$AM, "<=1")+COUNTIFS(pokemon!$D:$D, $A43, pokemon!$AI:$AI, F$37, pokemon!$AM:$AM, "<=1") -> 6 | G43: =COUNTIFS(pokemon!$C:$C, $A43, pokemon!$AI:$AI, G$37, pokemon!$AM:$AM, "<=1")+COUNTIFS(pokemon!$D:$D, $A43, pokemon!$AI:$AI, G$37, pokemon!$AM:$AM, "<=1") -> 4 | H43: =SUM(B43:G43) -> 21
A44: fighting | B44: =COUNTIFS(pokemon!$C:$C, $A44, pokemon!$AI:$AI, B$37, pokemon!$AM:$AM, "<=1")+COUNTIFS(pokemon!$D:$D, $A44, pokemon!$AI:$AI, B$37, pokemon!$AM:$AM, "<=1") -> 1 | D44: =COUNTIFS(pokemon!$C:$C, $A44, pokemon!$AI:$AI, D$37, pokemon!$AM:$AM, "<=1")+COUNTIFS(pokemon!$D:$D, $A44, pokemon!$AI:$AI, D$37, pokemon!$AM:$AM, "<=1") -> 4 | E44: =COUNTIFS(pokemon!$C:$C, $A44, pokemon!$AI:$AI, E$37, pokemon!$AM:$AM, "<=1")+COUNTIFS(pokemon!$D:$D, $A44, pokemon!$AI:$AI, E$37, pokemon!$AM:$AM, "<=1") -> 5 | F44: =COUNTIFS(pokemon!$C:$C, $A44, pokemon!$AI:$AI, F$37, pokemon!$AM:$AM, "<=1")+COUNTIFS(pokemon!$D:$D, $A44, pokemon!$AI:$AI, F$37, pokemon!$AM:$AM, "<=1") -> 7 | G44: =COUNTIFS(pokemon!$C:$C, $A44, pokemon!$AI:$AI, G$37, pokemon!$AM:$AM, "<=1")+COUNTIFS(pokemon!$D:$D, $A44, pokemon!$AI:$AI, G$37, pokemon!$AM:$AM, "<=1") -> 1 | H44: =SUM(B44:G44) -> 18
A45: poison | B45: =COUNTIFS(pokemon!$C:$C, $A45, pokemon!$AI:$AI, B$37, pokemon!$AM:$AM, "<=1")+COUNTIFS(pokemon!$D:$D, $A45, pokemon!$AI:$AI, B$37, pokemon!$AM:$AM, "<=1") -> 2 | D45: =COUNTIFS(pokemon!$C:$C, $A45, pokemon!$AI:$AI, D$37, pokemon!$AM:$AM, "<=1")+COUNTIFS(pokemon!$D:$D, $A45, pokemon!$AI:$AI, D$37, pokemon!$AM:$AM, "<=1") -> 8 | E45: =COUNTIFS(pokemon!$C:$C, $A45, pokemon!$AI:$AI, E$37, pokemon!$AM:$AM, "<=1")+COUNTIFS(pokemon!$D:$D, $A45, pokemon!$AI:$AI, E$37, pokemon!$AM:$AM, "<=1") -> 6 | F45: =COUNTIFS(pokemon!$C:$C, $A45, pokemon!$AI:$AI, F$37, pokemon!$AM:$AM, "<=1")+COUNTIFS(pokemon!$D:$D, $A45, pokemon!$AI:$AI, F$37, pokemon!$AM:$AM, "<=1") -> 9 | G45: =COUNTIFS(pokemon!$C:$C, $A45, pokemon!$AI:$AI, G$37, pokemon!$AM:$AM, "<=1")+COUNTIFS(pokemon!$D:$D, $A45, pokemon!$AI:$AI, G$37, pokemon!$AM:$AM, "<=1") -> 1 | H45: =SUM(B45:G45) -> 26
A46: ground | B46: =COUNTIFS(pokemon!$C:$C, $A46, pokemon!$AI:$AI, B$37, pokemon!$AM:$AM, "<=1")+COUNTIFS(pokemon!$D:$D, $A46, pokemon!$AI:$AI, B$37, pokemon!$AM:$AM, "<=1") -> 1 | D46: =COUNTIFS(pokemon!$C:$C, $A46, pokemon!$AI:$AI, D$37, pokemon!$AM:$AM, "<=1")+COUNTIFS(pokemon!$D:$D, $A46, pokemon!$AI:$AI, D$37, pokemon!$AM:$AM, "<=1") -> 7 | E46: =COUNTIFS(pokemon!$C:$C, $A46, pokemon!$AI:$AI, E$37, pokemon!$AM:$AM, "<=1")+COUNTIFS(pokemon!$D:$D, $A46, pokemon!$AI:$AI, E$37, pokemon!$AM:$AM, "<=1") -> 12 | F46: =COUNTIFS(pokemon!$C:$C, $A46, pokemon!$AI:$AI, F$37, pokemon!$AM:$AM, "<=1")+COUNTIFS(pokemon!$D:$D, $A46, pokemon!$AI:$AI, F$37, pokemon!$AM:$AM, "<=1") -> 9 | G46: =COUNTIFS(pokemon!$C:$C, $A46, pokemon!$AI:$AI, G$37, pokemon!$AM:$AM, "<=1")+COUNTIFS(pokemon!$D:$D, $A46, pokemon!$AI:$AI, G$37, pokemon!$AM:$AM, "<=1") -> 1 | H46: =SUM(B46:G46) -> 30
A47: flying | B47: =COUNTIFS(pokemon!$C:$C, $A47, pokemon!$AI:$AI, B$37, pokemon!$AM:$AM, "<=1")+COUNTIFS(pokemon!$D:$D, $A47, pokemon!$AI:$AI, B$37, pokemon!$AM:$AM, "<=1") -> 2 | D47: =COUNTIFS(pokemon!$C:$C, $A47, pokemon!$AI:$AI, D$37, pokemon!$AM:$AM, "<=1")+COUNTIFS(pokemon!$D:$D, $A47, pokemon!$AI:$AI, D$37, pokemon!$AM:$AM, "<=1") -> 7 | E47: =COUNTIFS(pokemon!$C:$C, $A47, pokemon!$AI:$AI, E$37, pokemon!$AM:$AM, "<=1")+COUNTIFS(pokemon!$D:$D, $A47, pokemon!$AI:$AI, E$37, pokemon!$AM:$AM, "<=1") -> 16 | F47: =COUNTIFS(pokemon!$C:$C, $A47, pokemon!$AI:$AI, F$37, pokemon!$AM:$AM, "<=1")+COUNTIFS(pokemon!$D:$D, $A47, pokemon!$AI:$AI, F$37, pokemon!$AM:$AM, "<=1") -> 13 | G47: =COUNTIFS(pokemon!$C:$C, $A47, pokemon!$AI:$AI, G$37, pokemon!$AM:$AM, "<=1")+COUNTIFS(pokemon!$D:$D, $A47, pokemon!$AI:$AI, G$37, pokemon!$AM:$AM, "<=1") -> 4 | H47: =SUM(B47:G47) -> 42
A48: psychic | B48: =COUNTIFS(pokemon!$C:$C, $A48, pokemon!$AI:$AI, B$37, pokemon!$AM:$AM, "<=1")+COUNTIFS(pokemon!$D:$D, $A48, pokemon!$AI:$AI, B$37, pokemon!$AM:$AM, "<=1") -> 0 | D48: =COUNTIFS(pokemon!$C:$C, $A48, pokemon!$AI:$AI, D$37, pokemon!$AM:$AM, "<=1")+COUNTIFS(pokemon!$D:$D, $A48, pokemon!$AI:$AI, D$37, pokemon!$AM:$AM, "<=1") -> 11 | E48: =COUNTIFS(pokemon!$C:$C, $A48, pokemon!$AI:$AI, E$37, pokemon!$AM:$AM, "<=1")+COUNTIFS(pokemon!$D:$D, $A48, pokemon!$AI:$AI, E$37, pokemon!$AM:$AM, "<=1") -> 8 | F48: =COUNTIFS(pokemon!$C:$C, $A48, pokemon!$AI:$AI, F$37, pokemon!$AM:$AM, "<=1")+COUNTIFS(pokemon!$D:$D, $A48, pokemon!$AI:$AI, F$37, pokemon!$AM:$AM, "<=1") -> 9 | G48: =COUNTIFS(pokemon!$C:$C, $A48, pokemon!$AI:$AI, G$37, pokemon!$AM:$AM, "<=1")+COUNTIFS(pokemon!$D:$D, $A48, pokemon!$AI:$AI, G$37, pokemon!$AM:$AM, "<=1") -> 6 | H48: =SUM(B48:G48) -> 34
A49: bug | B49: =COUNTIFS(pokemon!$C:$C, $A49, pokemon!$AI:$AI, B$37, pokemon!$AM:$AM, "<=1")+COUNTIFS(pokemon!$D:$D, $A49, pokemon!$AI:$AI, B$37, pokemon!$AM:$AM, "<=1") -> 0 | D49: =COUNTIFS(pokemon!$C:$C, $A49, pokemon!$AI:$AI, D$37, pokemon!$AM:$AM, "<=1")+COUNTIFS(pokemon!$D:$D, $A49, pokemon!$AI:$AI, D$37, pokemon!$AM:$AM, "<=1") -> 9 | E49: =COUNTIFS(pokemon!$C:$C, $A49, pokemon!$AI:$AI, E$37, pokemon!$AM:$AM, "<=1")+COUNTIFS(pokemon!$D:$D, $A49, pokemon!$AI:$AI, E$37, pokemon!$AM:$AM, "<=1") -> 8 | F49: =COUNTIFS(pokemon!$C:$C, $A49, pokemon!$AI:$AI, F$37, pokemon!$AM:$AM, "<=1")+COUNTIFS(pokemon!$D:$D, $A49, pokemon!$AI:$AI, F$37, pokemon!$AM:$AM, "<=1") -> 5 | G49: =COUNTIFS(pokemon!$C:$C, $A49, pokemon!$AI:$AI, G$37, pokemon!$AM:$AM, "<=1")+COUNTIFS(pokemon!$D:$D, $A49, pokemon!$AI:$AI, G$37, pokemon!$AM:$AM, "<=1") -> 1 | H49: =SUM(B49:G49) -> 23
... A55: fairy | B55: =COUNTIFS(pokemon!$C:$C, $A55, pokemon!$AI:$AI, B$37, pokemon!$AM:$AM, "<=1")+COUNTIFS(pokemon!$D:$D, $A55, pokemon!$AI:$AI, B$37, pokemon!$AM:$AM, "<=1") -> 1 | D55: =COUNTIFS(pokemon!$C:$C, $A55, pokemon!$AI:$AI, D$37, pokemon!$AM:$AM, "<=1")+COUNTIFS(pokemon!$D:$D, $A55, pokemon!$AI:$AI, D$37, pokemon!$AM:$AM, "<=1") -> 8 | E55: =COUNTIFS(pokemon!$C:$C, $A55, pokemon!$AI:$AI, E$37, pokemon!$AM:$AM, "<=1")+COUNTIFS(pokemon!$D:$D, $A55, pokemon!$AI:$AI, E$37, pokemon!$AM:$AM, "<=1") -> 5 | F55: =COUNTIFS(pokemon!$C:$C, $A55, pokemon!$AI:$AI, F$37, pokemon!$AM:$AM, "<=1")+COUNTIFS(pokemon!$D:$D, $A55, pokemon!$AI:$AI, F$37, pokemon!$AM:$AM, "<=1") -> 6 | G55: =COUNTIFS(pokemon!$C:$C, $A55, pokemon!$AI:$AI, G$37, pokemon!$AM:$AM, "<=1")+COUNTIFS(pokemon!$D:$D, $A55, pokemon!$AI:$AI, G$37, pokemon!$AM:$AM, "<=1") -> 1 | H55: =SUM(B55:G55) -> 21

Sheet trainer_cards
A1: trainer_class | B1: ability_1_name | C1: ability_1_description | D1: ability_2_name | E1: ability_2_description
A2: Ace Trainer | B2: Team Builder | C2: You may retry a Pokédex search once per encounter. | D2: Competitive Edge | E2: Your Strong Pokémon gain +1 initiative.
A3: Aroma Lady | B3: Floral Perfume | C3: During capture attempts at Apricorn Trees, replace all status symbols with regular hits. | D3: Natural Remedy | E3: When you attack with a Grass-type or Fairy-type move, the user heals for half the damage dealt, rounded up.
A4: Artist | B4: Detailed Sketch | C4: After defeating a wild Pokémon, you may teach its move to any Pokémon in your party regardless of their learnable move types. | D4: Finished Masterpiece | E4: If your party has a move of every type, all your moves gain +2 attack strength. Typeless moves and abilities act as wildcards and can be considered as any type towards achieving this effect.
A5: Backpacker | B5: Portable Tent | C5: After any battle, fully restore 1 Pokémon in your party. | D5: Holding Capacity | E5: Your Pokémon can now hold and use up to two Held Items so long as they are not the same item.
A6: Beauty | B6: Lady Luck | C6: During your attacks, critical hits deal +2 damage but status symbols deal -1 damage. Additionally, this effect applies to capture attempts. | D6: Natural Charisma | E6: When you attack with a Normal-type or Dark-type move, status symbols deal +1 damage.
A7: Bird Keeper | B7: Bird Whistle | C7: You may fly to Villages from anywhere on the map but must still pay the Apricorn cost. | D7: Evasive Manoeuvres | E7: Your Flying-type Pokémon take no damage from attacks that would only deal 2 or less total damage to them.
A8: Black Belt | B8: Super Training | C8: After defeating a wild Pokémon, gain 2 extra Journey Points. | D8: Stored Strength | E8: Increase the attack strength of your Fighting-type moves by 1 for every 10 Journey Points in your bag. However, if you have more than 20 Journey Points and are defeated in battle, discard half of your Journey Points rounded up.
A9: Bug Catcher | B9: Magnifying Glass | C9: Instead of using the Pokédex to search for an encounter at an Apricorn Tree, you may search the deck for any Bug-type of the same encounter tier to battle. | D9: The Swarm | E9: Whilst you have 3 or more non-fainted Bug-type Pokémon in your party, your Bug-type Pokémon gain +2 initiative and +2 attack strength to their Bug-type moves.
A10: Chef | B10: Ingredient Expert | C10: When crafting, you may substitute the cost of any Apricorn with another Apricorn of the same tier or 3 Apricorns of the tier below. For example, you could replace the cost of 1 Black Apricorn with 2 Green Apricorns and 1 Pink Apricorn. | D10: Masterwork Stew | E10: Costs 1 of every Apricorn: Your Pokémon gain +1 attack strength to all of their moves. Lasts until the end of battle.
A11: Collector | B11: Stamp Collector | C11: When claiming any stamp reward, you may claim the reward twice. | D11: Pokémon Collector | E11: You may add the moves gained from stamp rewards to your party as Pokémon instead.
A12: Delinquent | B12: Blessing Thief | C12: When another trainer gains the effect of a Shrine Blessing card, you are also given that effect. When there are 4 or more players, this ability makes you pernamently the target of the extra effect instead. | D12: Intimidating Posture | E12: Your Dark-type Pokémon and Poison-type Pokémon take 2 less total damage from attacks.
... A49: Young Couple | B49: Double Battle | C49: Wild Pokémon can only flee after defeating two of your Pokémon. | D49: Pledge of Devotion | E49: Once per battle, after attacking or after a capture attempt, you may immediately repeat the attack using the same move or retry the capture attempt using another ball.
